0.01 50.0 0.01
0.333071 0.423707 0.458318 0.000000 0.000000 0.000000 1.000000
0.288525 0.753774 0.801574 0.000000 0.000000 0.000000 1.000000
0.116183 0.612834 0.176227 0.000000 0.000000 0.000000 1.000000
0.167970 0.798767 0.096422 0.000000 0.000000 0.000000 1.000000
0.692795 0.045126 0.945683 0.000000 0.000000 0.000000 1.000000
0.068565 0.751224 0.091929 0.000000 0.000000 0.000000 1.000000
0.517088 0.337738 0.898668 0.000000 0.000000 0.000000 1.000000
0.082539 0.589901 0.605215 0.000000 0.000000 0.000000 1.000000
0.948696 0.408890 0.696379 0.000000 0.000000 0.000000 1.000000
0.647075 0.774978 0.611093 0.000000 0.000000 0.000000 1.000000
0.140217 0.685811 0.807890 0.000000 0.000000 0.000000 1.000000
0.301730 0.749687 0.855626 0.000000 0.000000 0.000000 1.000000
0.489383 0.117548 0.969580 0.000000 0.000000 0.000000 1.000000
0.055891 0.990885 0.242340 0.000000 0.000000 0.000000 1.000000
0.037266 0.877327 0.430253 0.000000 0.000000 0.000000 1.000000
0.748929 0.555032 0.758923 0.000000 0.000000 0.000000 1.000000
0.651358 0.884832 0.640045 0.000000 0.000000 0.000000 1.000000
0.655190 0.908004 0.379800 0.000000 0.000000 0.000000 1.000000
0.071467 0.626946 0.697330 0.000000 0.000000 0.000000 1.000000
0.934706 0.219423 0.374729 0.000000 0.000000 0.000000 1.000000
0.033978 0.271024 0.880071 0.000000 0.000000 0.000000 1.000000
0.909434 0.891767 0.995626 0.000000 0.000000 0.000000 1.000000
0.306392 0.342276 0.573995 0.000000 0.000000 0.000000 1.000000
0.114917 0.732205 0.736561 0.000000 0.000000 0.000000 1.000000
0.032633 0.773808 0.413029 0.000000 0.000000 0.000000 1.000000
0.849500 0.486958 0.538449 0.000000 0.000000 0.000000 1.000000
0.674782 0.595164 0.521521 0.000000 0.000000 0.000000 1.000000
0.344856 0.361281 0.538345 0.000000 0.000000 0.000000 1.000000
0.325739 0.754313 0.331295 0.000000 0.000000 0.000000 1.000000
0.764209 0.199714 0.165032 0.000000 0.000000 0.000000 1.000000
0.302738 0.453121 0.569548 0.000000 0.000000 0.000000 1.000000
0.110344 0.552316 0.765020 0.000000 0.000000 0.000000 1.000000
0.993582 0.799922 0.110380 0.000000 0.000000 0.000000 1.000000
0.554729 0.031186 0.690725 0.000000 0.000000 0.000000 1.000000
0.112227 0.182925 0.615391 0.000000 0.000000 0.000000 1.000000
0.948907 0.996292 0.492075 0.000000 0.000000 0.000000 1.000000
0.582167 0.527813 0.440948 0.000000 0.000000 0.000000 1.000000
0.658987 0.150179 0.550026 0.000000 0.000000 0.000000 1.000000
0.438271 0.442510 0.621102 0.000000 0.000000 0.000000 1.000000
0.432522 0.990681 0.510363 0.000000 0.000000 0.000000 1.000000
0.461836 0.975342 0.922879 0.000000 0.000000 0.000000 1.000000
0.756974 0.842771 0.419798 0.000000 0.000000 0.000000 1.000000
0.798219 0.112063 0.807778 0.000000 0.000000 0.000000 1.000000
0.971323 0.075806 0.365190 0.000000 0.000000 0.000000 1.000000
0.175343 0.012375 0.337359 0.000000 0.000000 0.000000 1.000000
0.469139 0.457695 0.193738 0.000000 0.000000 0.000000 1.000000
0.225010 0.463383 0.218419 0.000000 0.000000 0.000000 1.000000
0.256927 0.024839 0.175035 0.000000 0.000000 0.000000 1.000000
0.695566 0.981598 0.158216 0.000000 0.000000 0.000000 1.000000
0.627773 0.541242 0.434586 0.000000 0.000000 0.000000 1.000000
0.011109 0.577892 0.661963 0.000000 0.000000 0.000000 1.000000
0.719601 0.680696 0.068446 0.000000 0.000000 0.000000 1.000000
0.853642 0.694739 0.454958 0.000000 0.000000 0.000000 1.000000
0.962961 0.086256 0.218658 0.000000 0.000000 0.000000 1.000000
0.333479 0.329572 0.116067 0.000000 0.000000 0.000000 1.000000
0.060466 0.375024 0.250368 0.000000 0.000000 0.000000 1.000000
0.257730 0.031241 0.803869 0.000000 0.000000 0.000000 1.000000
0.769667 0.199597 0.466651 0.000000 0.000000 0.000000 1.000000
0.820029 0.554520 0.419791 0.000000 0.000000 0.000000 1.000000
0.459743 0.998368 0.936345 0.000000 0.000000 0.000000 1.000000
0.406616 0.262348 0.943104 0.000000 0.000000 0.000000 1.000000
0.561916 0.552681 0.174349 0.000000 0.000000 0.000000 1.000000
0.304940 0.481827 0.045074 0.000000 0.000000 0.000000 1.000000
0.874335 0.097032 0.418709 0.000000 0.000000 0.000000 1.000000
0.692153 0.883668 0.822120 0.000000 0.000000 0.000000 1.000000
0.398791 0.024182 0.004181 0.000000 0.000000 0.000000 1.000000
0.386533 0.008708 0.434842 0.000000 0.000000 0.000000 1.000000
0.763000 0.780051 0.423419 0.000000 0.000000 0.000000 1.000000
0.707887 0.200935 0.016278 0.000000 0.000000 0.000000 1.000000
0.664544 0.364063 0.503758 0.000000 0.000000 0.000000 1.000000
0.809037 0.136558 0.791068 0.000000 0.000000 0.000000 1.000000
0.128058 0.446268 0.782927 0.000000 0.000000 0.000000 1.000000
0.019504 0.836317 0.281332 0.000000 0.000000 0.000000 1.000000
0.538246 0.557825 0.459085 0.000000 0.000000 0.000000 1.000000
0.348969 0.007646 0.874246 0.000000 0.000000 0.000000 1.000000
0.162117 0.999047 0.900683 0.000000 0.000000 0.000000 1.000000
0.449250 0.561353 0.229728 0.000000 0.000000 0.000000 1.000000
0.025026 0.717795 0.613882 0.000000 0.000000 0.000000 1.000000
0.642330 0.252331 0.957487 0.000000 0.000000 0.000000 1.000000
0.742756 0.165377 0.199714 0.000000 0.000000 0.000000 1.000000
0.983484 0.142281 0.949853 0.000000 0.000000 0.000000 1.000000
0.793154 0.453645 0.533411 0.000000 0.000000 0.000000 1.000000
0.723514 0.000037 0.321497 0.000000 0.000000 0.000000 1.000000
0.419171 0.539134 0.902476 0.000000 0.000000 0.000000 1.000000
0.502704 0.746919 0.343353 0.000000 0.000000 0.000000 1.000000
0.467447 0.462663 0.730747 0.000000 0.000000 0.000000 1.000000
0.489113 0.445553 0.084805 0.000000 0.000000 0.000000 1.000000
0.463742 0.164639 0.829196 0.000000 0.000000 0.000000 1.000000
0.341954 0.524013 0.459789 0.000000 0.000000 0.000000 1.000000
0.952811 0.860656 0.796282 0.000000 0.000000 0.000000 1.000000
0.824534 0.253580 0.783464 0.000000 0.000000 0.000000 1.000000
0.078258 0.186169 0.602407 0.000000 0.000000 0.000000 1.000000
0.927651 0.816899 0.341579 0.000000 0.000000 0.000000 1.000000
0.613685 0.241743 0.300783 0.000000 0.000000 0.000000 1.000000
0.371614 0.750075 0.485593 0.000000 0.000000 0.000000 1.000000
0.203979 0.302940 0.486074 0.000000 0.000000 0.000000 1.000000
0.615903 0.133423 0.806827 0.000000 0.000000 0.000000 1.000000
0.482551 0.278073 0.393660 0.000000 0.000000 0.000000 1.000000
0.193661 0.493195 0.474562 0.000000 0.000000 0.000000 1.000000
0.460519 0.004382 0.665853 0.000000 0.000000 0.000000 1.000000
0.120887 0.646960 0.463348 0.000000 0.000000 0.000000 1.000000
0.492834 0.736059 0.554725 0.000000 0.000000 0.000000 1.000000
0.488608 0.899084 0.689207 0.000000 0.000000 0.000000 1.000000
0.964476 0.191287 0.399679 0.000000 0.000000 0.000000 1.000000
0.666543 0.295342 0.989710 0.000000 0.000000 0.000000 1.000000
0.708829 0.125813 0.868039 0.000000 0.000000 0.000000 1.000000
0.026447 0.224588 0.335252 0.000000 0.000000 0.000000 1.000000
0.452733 0.196445 0.256437 0.000000 0.000000 0.000000 1.000000
0.477482 0.677735 0.540790 0.000000 0.000000 0.000000 1.000000
0.481265 0.289769 0.597085 0.000000 0.000000 0.000000 1.000000
0.495177 0.765309 0.678611 0.000000 0.000000 0.000000 1.000000
0.870690 0.494183 0.971907 0.000000 0.000000 0.000000 1.000000
0.122819 0.354415 0.740059 0.000000 0.000000 0.000000 1.000000
0.753133 0.848326 0.451862 0.000000 0.000000 0.000000 1.000000
0.731915 0.663030 0.416198 0.000000 0.000000 0.000000 1.000000
0.457331 0.942336 0.009364 0.000000 0.000000 0.000000 1.000000
0.782285 0.539598 0.626727 0.000000 0.000000 0.000000 1.000000
0.643124 0.595314 0.791162 0.000000 0.000000 0.000000 1.000000
0.545562 0.147815 0.171679 0.000000 0.000000 0.000000 1.000000
0.342707 0.319967 0.262567 0.000000 0.000000 0.000000 1.000000
0.385156 0.599029 0.514510 0.000000 0.000000 0.000000 1.000000
0.614306 0.193671 0.582112 0.000000 0.000000 0.000000 1.000000
0.502117 0.160289 0.540727 0.000000 0.000000 0.000000 1.000000
0.783230 0.627458 0.519703 0.000000 0.000000 0.000000 1.000000
0.292917 0.577073 0.292762 0.000000 0.000000 0.000000 1.000000
0.416280 0.744664 0.690367 0.000000 0.000000 0.000000 1.000000
0.591218 0.054217 0.048456 0.000000 0.000000 0.000000 1.000000
0.960586 0.038894 0.535623 0.000000 0.000000 0.000000 1.000000
0.053425 0.950799 0.364043 0.000000 0.000000 0.000000 1.000000
0.580052 0.812142 0.801470 0.000000 0.000000 0.000000 1.000000
0.646961 0.997309 0.455284 0.000000 0.000000 0.000000 1.000000
0.675815 0.241211 0.323630 0.000000 0.000000 0.000000 1.000000
0.504997 0.536521 0.091373 0.000000 0.000000 0.000000 1.000000
0.745270 0.865045 0.847030 0.000000 0.000000 0.000000 1.000000
0.120330 0.408277 0.182208 0.000000 0.000000 0.000000 1.000000
0.428827 0.644169 0.883488 0.000000 0.000000 0.000000 1.000000
0.525600 0.262314 0.790893 0.000000 0.000000 0.000000 1.000000
0.422929 0.976360 0.315970 0.000000 0.000000 0.000000 1.000000
0.472670 0.749637 0.938858 0.000000 0.000000 0.000000 1.000000
0.290083 0.691638 0.739649 0.000000 0.000000 0.000000 1.000000
0.349651 0.281126 0.405773 0.000000 0.000000 0.000000 1.000000
0.988658 0.391655 0.146738 0.000000 0.000000 0.000000 1.000000
0.604240 0.851334 0.976393 0.000000 0.000000 0.000000 1.000000
0.134588 0.134537 0.261532 0.000000 0.000000 0.000000 1.000000
0.219437 0.616001 0.086638 0.000000 0.000000 0.000000 1.000000
0.423019 0.898435 0.820755 0.000000 0.000000 0.000000 1.000000
0.435494 0.119633 0.942394 0.000000 0.000000 0.000000 1.000000
0.166022 0.602932 0.157527 0.000000 0.000000 0.000000 1.000000
0.283201 0.461508 0.821450 0.000000 0.000000 0.000000 1.000000
0.158330 0.003001 0.436168 0.000000 0.000000 0.000000 1.000000
0.179833 0.869233 0.565187 0.000000 0.000000 0.000000 1.000000
0.123421 0.280479 0.204714 0.000000 0.000000 0.000000 1.000000
0.728345 0.118444 0.746220 0.000000 0.000000 0.000000 1.000000
0.574793 0.315412 0.319952 0.000000 0.000000 0.000000 1.000000
0.838461 0.816327 0.998330 0.000000 0.000000 0.000000 1.000000
0.886914 0.796494 0.815667 0.000000 0.000000 0.000000 1.000000
0.004016 0.086425 0.122702 0.000000 0.000000 0.000000 1.000000
0.208298 0.875789 0.928864 0.000000 0.000000 0.000000 1.000000
0.001889 0.542759 0.310392 0.000000 0.000000 0.000000 1.000000
0.830306 0.440523 0.137872 0.000000 0.000000 0.000000 1.000000
0.925293 0.154974 0.338500 0.000000 0.000000 0.000000 1.000000
0.631976 0.450359 0.494438 0.000000 0.000000 0.000000 1.000000
0.571651 0.841187 0.813867 0.000000 0.000000 0.000000 1.000000
0.567479 0.082024 0.259032 0.000000 0.000000 0.000000 1.000000
0.306828 0.124674 0.317183 0.000000 0.000000 0.000000 1.000000
0.119260 0.671834 0.534369 0.000000 0.000000 0.000000 1.000000
0.262322 0.099118 0.236925 0.000000 0.000000 0.000000 1.000000
0.048461 0.052502 0.947919 0.000000 0.000000 0.000000 1.000000
0.067760 0.944001 0.742250 0.000000 0.000000 0.000000 1.000000
0.343664 0.207804 0.430380 0.000000 0.000000 0.000000 1.000000
0.589964 0.053413 0.423401 0.000000 0.000000 0.000000 1.000000
0.962455 0.795977 0.263010 0.000000 0.000000 0.000000 1.000000
0.124311 0.973745 0.856388 0.000000 0.000000 0.000000 1.000000
0.942421 0.713910 0.056923 0.000000 0.000000 0.000000 1.000000
0.409606 0.587133 0.237787 0.000000 0.000000 0.000000 1.000000
0.959066 0.048690 0.657935 0.000000 0.000000 0.000000 1.000000
0.324416 0.991676 0.919438 0.000000 0.000000 0.000000 1.000000
0.120670 0.821333 0.558216 0.000000 0.000000 0.000000 1.000000
0.128321 0.354311 0.869664 0.000000 0.000000 0.000000 1.000000
0.748854 0.026066 0.235559 0.000000 0.000000 0.000000 1.000000
0.004935 0.302406 0.005700 0.000000 0.000000 0.000000 1.000000
0.451274 0.050710 0.139223 0.000000 0.000000 0.000000 1.000000
0.444795 0.134541 0.857893 0.000000 0.000000 0.000000 1.000000
0.004663 0.829350 0.130966 0.000000 0.000000 0.000000 1.000000
0.045743 0.194054 0.970888 0.000000 0.000000 0.000000 1.000000
0.068186 0.147924 0.931080 0.000000 0.000000 0.000000 1.000000
0.052571 0.081378 0.210497 0.000000 0.000000 0.000000 1.000000
0.446280 0.913333 0.746262 0.000000 0.000000 0.000000 1.000000
0.344813 0.970749 0.174670 0.000000 0.000000 0.000000 1.000000
0.861645 0.468032 0.377157 0.000000 0.000000 0.000000 1.000000
0.508787 0.246484 0.991826 0.000000 0.000000 0.000000 1.000000
0.086050 0.564010 0.355168 0.000000 0.000000 0.000000 1.000000
0.528396 0.111919 0.361765 0.000000 0.000000 0.000000 1.000000
0.164759 0.651923 0.599483 0.000000 0.000000 0.000000 1.000000
0.154203 0.879528 0.144127 0.000000 0.000000 0.000000 1.000000
0.646498 0.014106 0.903527 0.000000 0.000000 0.000000 1.000000
0.303945 0.592641 0.060871 0.000000 0.000000 0.000000 1.000000
0.290250 0.355695 0.563905 0.000000 0.000000 0.000000 1.000000
0.379466 0.031922 0.276685 0.000000 0.000000 0.000000 1.000000
0.006369 0.081712 0.591577 0.000000 0.000000 0.000000 1.000000
0.419080 0.125738 0.016661 0.000000 0.000000 0.000000 1.000000
0.715307 0.364862 0.707757 0.000000 0.000000 0.000000 1.000000
0.768659 0.519765 0.999232 0.000000 0.000000 0.000000 1.000000
0.067850 0.445272 0.799348 0.000000 0.000000 0.000000 1.000000
0.042990 0.250867 0.439132 0.000000 0.000000 0.000000 1.000000
0.609271 0.883653 0.733283 0.000000 0.000000 0.000000 1.000000
0.515251 0.378951 0.589274 0.000000 0.000000 0.000000 1.000000
0.977490 0.962763 0.938136 0.000000 0.000000 0.000000 1.000000
0.683836 0.637596 0.823477 0.000000 0.000000 0.000000 1.000000
0.865164 0.068540 0.170684 0.000000 0.000000 0.000000 1.000000
0.945245 0.704618 0.521890 0.000000 0.000000 0.000000 1.000000
0.452699 0.058497 0.455459 0.000000 0.000000 0.000000 1.000000
0.753248 0.032172 0.861821 0.000000 0.000000 0.000000 1.000000
0.551517 0.868562 0.654064 0.000000 0.000000 0.000000 1.000000
0.641870 0.512925 0.237658 0.000000 0.000000 0.000000 1.000000
0.950484 0.586207 0.719940 0.000000 0.000000 0.000000 1.000000
0.102005 0.396730 0.922268 0.000000 0.000000 0.000000 1.000000
0.977307 0.680360 0.018908 0.000000 0.000000 0.000000 1.000000
0.175333 0.521152 0.474343 0.000000 0.000000 0.000000 1.000000
0.528596 0.258519 0.487553 0.000000 0.000000 0.000000 1.000000
0.293722 0.506966 0.745289 0.000000 0.000000 0.000000 1.000000
0.461418 0.314770 0.168841 0.000000 0.000000 0.000000 1.000000
0.159177 0.830663 0.910982 0.000000 0.000000 0.000000 1.000000
0.840515 0.328743 0.602065 0.000000 0.000000 0.000000 1.000000
0.611925 0.363142 0.010542 0.000000 0.000000 0.000000 1.000000
0.404838 0.867867 0.264174 0.000000 0.000000 0.000000 1.000000
0.588888 0.470254 0.531436 0.000000 0.000000 0.000000 1.000000
0.868076 0.207370 0.339907 0.000000 0.000000 0.000000 1.000000
0.658227 0.245133 0.677074 0.000000 0.000000 0.000000 1.000000
0.242793 0.746761 0.475438 0.000000 0.000000 0.000000 1.000000
0.086051 0.967425 0.504293 0.000000 0.000000 0.000000 1.000000
0.991908 0.913254 0.358073 0.000000 0.000000 0.000000 1.000000
0.183591 0.260415 0.603753 0.000000 0.000000 0.000000 1.000000
0.754386 0.700993 0.292098 0.000000 0.000000 0.000000 1.000000
0.721513 0.648586 0.596821 0.000000 0.000000 0.000000 1.000000
0.951150 0.189128 0.345958 0.000000 0.000000 0.000000 1.000000
0.138105 0.561493 0.485161 0.000000 0.000000 0.000000 1.000000
0.819382 0.212737 0.189827 0.000000 0.000000 0.000000 1.000000
0.943603 0.243620 0.835958 0.000000 0.000000 0.000000 1.000000
0.691243 0.614952 0.487838 0.000000 0.000000 0.000000 1.000000
0.305445 0.451679 0.608316 0.000000 0.000000 0.000000 1.000000
0.229619 0.176726 0.289997 0.000000 0.000000 0.000000 1.000000
0.254042 0.731834 0.884557 0.000000 0.000000 0.000000 1.000000
0.114545 0.514779 0.714364 0.000000 0.000000 0.000000 1.000000
0.729325 0.921168 0.080731 0.000000 0.000000 0.000000 1.000000
0.296995 0.734307 0.786921 0.000000 0.000000 0.000000 1.000000
0.174339 0.782558 0.591527 0.000000 0.000000 0.000000 1.000000
0.753857 0.966200 0.776087 0.000000 0.000000 0.000000 1.000000
0.191586 0.281315 0.230734 0.000000 0.000000 0.000000 1.000000
0.366690 0.979358 0.923331 0.000000 0.000000 0.000000 1.000000
0.760975 0.722759 0.095747 0.000000 0.000000 0.000000 1.000000
0.724083 0.395903 0.469920 0.000000 0.000000 0.000000 1.000000
0.391205 0.971028 0.369562 0.000000 0.000000 0.000000 1.000000
0.314369 0.235844 0.821557 0.000000 0.000000 0.000000 1.000000
0.277437 0.836512 0.279212 0.000000 0.000000 0.000000 1.000000
0.745288 0.366161 0.055591 0.000000 0.000000 0.000000 1.000000
0.935236 0.284589 0.489994 0.000000 0.000000 0.000000 1.000000
0.717864 0.247844 0.989283 0.000000 0.000000 0.000000 1.000000
0.072321 0.773307 0.139194 0.000000 0.000000 0.000000 1.000000
0.696740 0.214867 0.345572 0.000000 0.000000 0.000000 1.000000
0.831419 0.269773 0.400746 0.000000 0.000000 0.000000 1.000000
0.931032 0.093343 0.636791 0.000000 0.000000 0.000000 1.000000
0.372986 0.765316 0.304885 0.000000 0.000000 0.000000 1.000000
0.171520 0.452055 0.926074 0.000000 0.000000 0.000000 1.000000
0.222035 0.049310 0.323670 0.000000 0.000000 0.000000 1.000000
0.693661 0.330785 0.089612 0.000000 0.000000 0.000000 1.000000
0.867580 0.800526 0.230218 0.000000 0.000000 0.000000 1.000000
0.362856 0.536509 0.248669 0.000000 0.000000 0.000000 1.000000
0.156609 0.584505 0.229665 0.000000 0.000000 0.000000 1.000000
0.151902 0.826848 0.913647 0.000000 0.000000 0.000000 1.000000
0.319285 0.408450 0.155533 0.000000 0.000000 0.000000 1.000000
0.493337 0.577648 0.415777 0.000000 0.000000 0.000000 1.000000
0.264997 0.962621 0.922085 0.000000 0.000000 0.000000 1.000000
0.375317 0.393705 0.694188 0.000000 0.000000 0.000000 1.000000
0.925111 0.367641 0.092504 0.000000 0.000000 0.000000 1.000000
0.397203 0.853604 0.466531 0.000000 0.000000 0.000000 1.000000
0.357786 0.558516 0.069691 0.000000 0.000000 0.000000 1.000000
0.886185 0.783368 0.021737 0.000000 0.000000 0.000000 1.000000
0.947987 0.660074 0.638710 0.000000 0.000000 0.000000 1.000000
0.760033 0.398056 0.706537 0.000000 0.000000 0.000000 1.000000
0.987734 0.995730 0.762276 0.000000 0.000000 0.000000 1.000000
0.403699 0.240671 0.871310 0.000000 0.000000 0.000000 1.000000
0.150150 0.462537 0.429850 0.000000 0.000000 0.000000 1.000000
0.998062 0.322205 0.888091 0.000000 0.000000 0.000000 1.000000
0.132970 0.777010 0.049659 0.000000 0.000000 0.000000 1.000000
0.947087 0.046194 0.978389 0.000000 0.000000 0.000000 1.000000
0.276603 0.583280 0.254327 0.000000 0.000000 0.000000 1.000000
0.391401 0.431659 0.908535 0.000000 0.000000 0.000000 1.000000
0.252903 0.112352 0.103438 0.000000 0.000000 0.000000 1.000000
0.664418 0.906165 0.911887 0.000000 0.000000 0.000000 1.000000
0.161927 0.829343 0.548125 0.000000 0.000000 0.000000 1.000000
0.844949 0.399516 0.038517 0.000000 0.000000 0.000000 1.000000
0.381885 0.190556 0.219780 0.000000 0.000000 0.000000 1.000000
0.703433 0.345576 0.958603 0.000000 0.000000 0.000000 1.000000
0.116549 0.002004 0.125424 0.000000 0.000000 0.000000 1.000000
0.581982 0.137037 0.024002 0.000000 0.000000 0.000000 1.000000
0.774404 0.119619 0.190295 0.000000 0.000000 0.000000 1.000000
0.403110 0.184636 0.565188 0.000000 0.000000 0.000000 1.000000
0.225074 0.969291 0.008038 0.000000 0.000000 0.000000 1.000000
0.920631 0.444738 0.776397 0.000000 0.000000 0.000000 1.000000
0.418410 0.570911 0.562434 0.000000 0.000000 0.000000 1.000000
0.373146 0.981227 0.880949 0.000000 0.000000 0.000000 1.000000
0.685490 0.992417 0.738763 0.000000 0.000000 0.000000 1.000000
0.104740 0.009678 0.560475 0.000000 0.000000 0.000000 1.000000
0.266834 0.125124 0.388194 0.000000 0.000000 0.000000 1.000000
0.426347 0.790251 0.045864 0.000000 0.000000 0.000000 1.000000
0.527903 0.169835 0.951297 0.000000 0.000000 0.000000 1.000000
0.670453 0.921701 0.938042 0.000000 0.000000 0.000000 1.000000
0.555867 0.999345 0.070646 0.000000 0.000000 0.000000 1.000000
0.183495 0.838563 0.996138 0.000000 0.000000 0.000000 1.000000
0.548367 0.071351 0.547782 0.000000 0.000000 0.000000 1.000000
0.251707 0.982920 0.792352 0.000000 0.000000 0.000000 1.000000
0.989061 0.570817 0.660640 0.000000 0.000000 0.000000 1.000000
0.255754 0.536322 0.810304 0.000000 0.000000 0.000000 1.000000
0.691536 0.255225 0.187262 0.000000 0.000000 0.000000 1.000000
0.937693 0.719936 0.189917 0.000000 0.000000 0.000000 1.000000
0.021348 0.852825 0.973008 0.000000 0.000000 0.000000 1.000000
0.800473 0.007981 0.454187 0.000000 0.000000 0.000000 1.000000
0.894146 0.996448 0.681022 0.000000 0.000000 0.000000 1.000000
0.726450 0.414742 0.481904 0.000000 0.000000 0.000000 1.000000
0.589119 0.278509 0.498835 0.000000 0.000000 0.000000 1.000000
0.507201 0.701908 0.286117 0.000000 0.000000 0.000000 1.000000
0.299587 0.728339 0.087629 0.000000 0.000000 0.000000 1.000000
0.828937 0.172684 0.069169 0.000000 0.000000 0.000000 1.000000
0.076588 0.522140 0.280720 0.000000 0.000000 0.000000 1.000000
0.907927 0.702361 0.495433 0.000000 0.000000 0.000000 1.000000
0.162036 0.160918 0.772152 0.000000 0.000000 0.000000 1.000000
0.048167 0.981016 0.861177 0.000000 0.000000 0.000000 1.000000
0.621269 0.121433 0.651940 0.000000 0.000000 0.000000 1.000000
0.923395 0.734494 0.560329 0.000000 0.000000 0.000000 1.000000
0.403917 0.013868 0.661732 0.000000 0.000000 0.000000 1.000000
0.289896 0.372682 0.690786 0.000000 0.000000 0.000000 1.000000
0.244403 0.813247 0.796034 0.000000 0.000000 0.000000 1.000000
0.102916 0.584386 0.531312 0.000000 0.000000 0.000000 1.000000
0.022395 0.362851 0.120970 0.000000 0.000000 0.000000 1.000000
0.434005 0.719922 0.640811 0.000000 0.000000 0.000000 1.000000
0.610346 0.570154 0.235406 0.000000 0.000000 0.000000 1.000000
0.681712 0.642457 0.875352 0.000000 0.000000 0.000000 1.000000
0.999040 0.553257 0.927180 0.000000 0.000000 0.000000 1.000000
0.674258 0.658082 0.328494 0.000000 0.000000 0.000000 1.000000
0.689502 0.275614 0.481369 0.000000 0.000000 0.000000 1.000000
0.827579 0.574674 0.010304 0.000000 0.000000 0.000000 1.000000
0.161898 0.482614 0.525553 0.000000 0.000000 0.000000 1.000000
0.846581 0.714412 0.062581 0.000000 0.000000 0.000000 1.000000
0.253910 0.548035 0.503826 0.000000 0.000000 0.000000 1.000000
0.315046 0.236954 0.860133 0.000000 0.000000 0.000000 1.000000
0.109297 0.293141 0.714408 0.000000 0.000000 0.000000 1.000000
0.325399 0.910964 0.515191 0.000000 0.000000 0.000000 1.000000
0.114248 0.308884 0.738455 0.000000 0.000000 0.000000 1.000000
0.440271 0.968041 0.210297 0.000000 0.000000 0.000000 1.000000
0.423452 0.496219 0.135601 0.000000 0.000000 0.000000 1.000000
0.970474 0.461451 0.403011 0.000000 0.000000 0.000000 1.000000
0.283341 0.996045 0.269769 0.000000 0.000000 0.000000 1.000000
0.888688 0.784851 0.275682 0.000000 0.000000 0.000000 1.000000
0.303357 0.597820 0.143803 0.000000 0.000000 0.000000 1.000000
0.227277 0.135885 0.982710 0.000000 0.000000 0.000000 1.000000
0.401024 0.760815 0.995997 0.000000 0.000000 0.000000 1.000000
0.873815 0.102770 0.629110 0.000000 0.000000 0.000000 1.000000
0.837475 0.605221 0.601764 0.000000 0.000000 0.000000 1.000000
0.041903 0.773569 0.098637 0.000000 0.000000 0.000000 1.000000
0.651185 0.583465 0.103813 0.000000 0.000000 0.000000 1.000000
0.190693 0.326022 0.115919 0.000000 0.000000 0.000000 1.000000
0.862143 0.240655 0.721405 0.000000 0.000000 0.000000 1.000000
0.112890 0.517003 0.753204 0.000000 0.000000 0.000000 1.000000
0.794677 0.892243 0.150294 0.000000 0.000000 0.000000 1.000000
0.986121 0.284640 0.549898 0.000000 0.000000 0.000000 1.000000
0.214700 0.102203 0.947892 0.000000 0.000000 0.000000 1.000000
0.149646 0.106551 0.166764 0.000000 0.000000 0.000000 1.000000
0.423894 0.311411 0.829171 0.000000 0.000000 0.000000 1.000000
0.695913 0.655202 0.900433 0.000000 0.000000 0.000000 1.000000
0.034726 0.196764 0.681181 0.000000 0.000000 0.000000 1.000000
0.956939 0.743405 0.224738 0.000000 0.000000 0.000000 1.000000
0.373898 0.525999 0.093548 0.000000 0.000000 0.000000 1.000000
0.769011 0.845541 0.862778 0.000000 0.000000 0.000000 1.000000
0.217465 0.520386 0.181597 0.000000 0.000000 0.000000 1.000000
0.525053 0.773802 0.215608 0.000000 0.000000 0.000000 1.000000
0.256331 0.288315 0.164983 0.000000 0.000000 0.000000 1.000000
0.622554 0.971711 0.493170 0.000000 0.000000 0.000000 1.000000
0.915691 0.158774 0.187916 0.000000 0.000000 0.000000 1.000000
0.653474 0.019706 0.843967 0.000000 0.000000 0.000000 1.000000
0.970587 0.440722 0.857886 0.000000 0.000000 0.000000 1.000000
0.722470 0.611828 0.585932 0.000000 0.000000 0.000000 1.000000
0.587816 0.526116 0.599416 0.000000 0.000000 0.000000 1.000000
0.912300 0.190486 0.431087 0.000000 0.000000 0.000000 1.000000
0.395141 0.114755 0.932973 0.000000 0.000000 0.000000 1.000000
0.845865 0.967065 0.228772 0.000000 0.000000 0.000000 1.000000
0.916757 0.568481 0.180387 0.000000 0.000000 0.000000 1.000000
0.269932 0.849169 0.090016 0.000000 0.000000 0.000000 1.000000
0.516007 0.686244 0.811523 0.000000 0.000000 0.000000 1.000000
0.777885 0.534707 0.737423 0.000000 0.000000 0.000000 1.000000
0.056107 0.229082 0.854120 0.000000 0.000000 0.000000 1.000000
0.276934 0.682947 0.146472 0.000000 0.000000 0.000000 1.000000
0.354098 0.238286 0.974839 0.000000 0.000000 0.000000 1.000000
0.239193 0.387213 0.578832 0.000000 0.000000 0.000000 1.000000
0.926188 0.582433 0.820754 0.000000 0.000000 0.000000 1.000000
0.576162 0.779111 0.058457 0.000000 0.000000 0.000000 1.000000
0.014568 0.223816 0.714607 0.000000 0.000000 0.000000 1.000000
0.903245 0.998880 0.992249 0.000000 0.000000 0.000000 1.000000
0.790373 0.827086 0.315948 0.000000 0.000000 0.000000 1.000000
0.577970 0.942185 0.885359 0.000000 0.000000 0.000000 1.000000
0.111534 0.960186 0.668644 0.000000 0.000000 0.000000 1.000000
0.456644 0.761177 0.765801 0.000000 0.000000 0.000000 1.000000
0.275262 0.174199 0.132614 0.000000 0.000000 0.000000 1.000000
0.745510 0.293422 0.946357 0.000000 0.000000 0.000000 1.000000
0.232903 0.789761 0.452589 0.000000 0.000000 0.000000 1.000000
0.657291 0.246837 0.953048 0.000000 0.000000 0.000000 1.000000
0.550067 0.237996 0.966237 0.000000 0.000000 0.000000 1.000000
0.243538 0.041921 0.762720 0.000000 0.000000 0.000000 1.000000
0.890096 0.253171 0.653476 0.000000 0.000000 0.000000 1.000000
0.602181 0.238079 0.562273 0.000000 0.000000 0.000000 1.000000
0.475243 0.570594 0.888801 0.000000 0.000000 0.000000 1.000000
0.452484 0.852069 0.369768 0.000000 0.000000 0.000000 1.000000
0.374852 0.939875 0.928984 0.000000 0.000000 0.000000 1.000000
0.103196 0.817274 0.370682 0.000000 0.000000 0.000000 1.000000
0.737451 0.614353 0.753490 0.000000 0.000000 0.000000 1.000000
0.866966 0.796509 0.919185 0.000000 0.000000 0.000000 1.000000
0.841014 0.726561 0.260834 0.000000 0.000000 0.000000 1.000000
0.747599 0.818233 0.426632 0.000000 0.000000 0.000000 1.000000
0.112058 0.162207 0.097346 0.000000 0.000000 0.000000 1.000000
0.064784 0.107283 0.995672 0.000000 0.000000 0.000000 1.000000
0.537185 0.617224 0.841322 0.000000 0.000000 0.000000 1.000000
0.957192 0.029615 0.094940 0.000000 0.000000 0.000000 1.000000
0.289547 0.469548 0.519850 0.000000 0.000000 0.000000 1.000000
0.161688 0.115778 0.498781 0.000000 0.000000 0.000000 1.000000
0.281470 0.887497 0.904978 0.000000 0.000000 0.000000 1.000000
0.608823 0.491925 0.846211 0.000000 0.000000 0.000000 1.000000
0.877966 0.852075 0.447811 0.000000 0.000000 0.000000 1.000000
0.264587 0.861630 0.417820 0.000000 0.000000 0.000000 1.000000
0.761377 0.414415 0.735581 0.000000 0.000000 0.000000 1.000000
0.632139 0.200406 0.645717 0.000000 0.000000 0.000000 1.000000
0.733387 0.650944 0.453885 0.000000 0.000000 0.000000 1.000000
0.514949 0.359902 0.383725 0.000000 0.000000 0.000000 1.000000
0.120306 0.784412 0.290899 0.000000 0.000000 0.000000 1.000000
0.495307 0.720617 0.207785 0.000000 0.000000 0.000000 1.000000
0.654821 0.384521 0.520973 0.000000 0.000000 0.000000 1.000000
0.618108 0.991457 0.887072 0.000000 0.000000 0.000000 1.000000
0.436270 0.119831 0.131641 0.000000 0.000000 0.000000 1.000000
0.780321 0.737212 0.322078 0.000000 0.000000 0.000000 1.000000
0.424651 0.888801 0.639347 0.000000 0.000000 0.000000 1.000000
0.165875 0.539095 0.414787 0.000000 0.000000 0.000000 1.000000
0.626122 0.745556 0.043256 0.000000 0.000000 0.000000 1.000000
0.299851 0.193669 0.223178 0.000000 0.000000 0.000000 1.000000
0.935263 0.875021 0.895852 0.000000 0.000000 0.000000 1.000000
0.760660 0.219500 0.321994 0.000000 0.000000 0.000000 1.000000
0.984916 0.449850 0.255940 0.000000 0.000000 0.000000 1.000000
0.714088 0.938320 0.609513 0.000000 0.000000 0.000000 1.000000
0.377717 0.554268 0.900331 0.000000 0.000000 0.000000 1.000000
0.586508 0.501710 0.027836 0.000000 0.000000 0.000000 1.000000
0.980552 0.802180 0.428065 0.000000 0.000000 0.000000 1.000000
0.479155 0.023120 0.163953 0.000000 0.000000 0.000000 1.000000
0.494060 0.285851 0.299368 0.000000 0.000000 0.000000 1.000000
0.693580 0.413650 0.065170 0.000000 0.000000 0.000000 1.000000
0.274328 0.673469 0.206730 0.000000 0.000000 0.000000 1.000000
0.849430 0.501883 0.143993 0.000000 0.000000 0.000000 1.000000
0.327017 0.921519 0.944995 0.000000 0.000000 0.000000 1.000000
0.573906 0.411497 0.228472 0.000000 0.000000 0.000000 1.000000
0.736047 0.618935 0.620856 0.000000 0.000000 0.000000 1.000000
0.451543 0.043786 0.548343 0.000000 0.000000 0.000000 1.000000
0.726876 0.868689 0.638848 0.000000 0.000000 0.000000 1.000000
0.914462 0.505702 0.851623 0.000000 0.000000 0.000000 1.000000
0.379686 0.635088 0.820475 0.000000 0.000000 0.000000 1.000000
0.031843 0.656251 0.822784 0.000000 0.000000 0.000000 1.000000
0.765420 0.989078 0.429481 0.000000 0.000000 0.000000 1.000000
0.670835 0.584140 0.968057 0.000000 0.000000 0.000000 1.000000
0.047044 0.586562 0.833253 0.000000 0.000000 0.000000 1.000000
0.290925 0.019405 0.556333 0.000000 0.000000 0.000000 1.000000
0.907091 0.168238 0.837427 0.000000 0.000000 0.000000 1.000000
0.948372 0.311455 0.780874 0.000000 0.000000 0.000000 1.000000
0.515548 0.384872 0.760381 0.000000 0.000000 0.000000 1.000000
0.633289 0.877162 0.607015 0.000000 0.000000 0.000000 1.000000
0.167002 0.816936 0.093376 0.000000 0.000000 0.000000 1.000000
0.489572 0.010075 0.707491 0.000000 0.000000 0.000000 1.000000
0.381668 0.012930 0.981052 0.000000 0.000000 0.000000 1.000000
0.169712 0.754217 0.400908 0.000000 0.000000 0.000000 1.000000
0.274113 0.735888 0.856784 0.000000 0.000000 0.000000 1.000000
0.325876 0.969602 0.921068 0.000000 0.000000 0.000000 1.000000
0.883465 0.827236 0.695352 0.000000 0.000000 0.000000 1.000000
0.313165 0.095473 0.267194 0.000000 0.000000 0.000000 1.000000
0.319390 0.044961 0.344995 0.000000 0.000000 0.000000 1.000000
0.239409 0.094791 0.045381 0.000000 0.000000 0.000000 1.000000
0.589666 0.832656 0.550320 0.000000 0.000000 0.000000 1.000000
0.927674 0.447056 0.919738 0.000000 0.000000 0.000000 1.000000
0.626486 0.659686 0.519218 0.000000 0.000000 0.000000 1.000000
0.144101 0.285449 0.300770 0.000000 0.000000 0.000000 1.000000
0.992963 0.927303 0.159417 0.000000 0.000000 0.000000 1.000000
0.003763 0.445581 0.791183 0.000000 0.000000 0.000000 1.000000
0.148157 0.886084 0.189357 0.000000 0.000000 0.000000 1.000000
0.326726 0.208173 0.812126 0.000000 0.000000 0.000000 1.000000
0.227771 0.257781 0.633599 0.000000 0.000000 0.000000 1.000000
0.823153 0.994001 0.169566 0.000000 0.000000 0.000000 1.000000
0.655307 0.155102 0.874871 0.000000 0.000000 0.000000 1.000000
0.751463 0.646186 0.595751 0.000000 0.000000 0.000000 1.000000
0.930650 0.585033 0.682673 0.000000 0.000000 0.000000 1.000000
0.950821 0.493495 0.531635 0.000000 0.000000 0.000000 1.000000
0.641144 0.680613 0.129562 0.000000 0.000000 0.000000 1.000000
0.535716 0.023007 0.230063 0.000000 0.000000 0.000000 1.000000
0.284853 0.087041 0.167857 0.000000 0.000000 0.000000 1.000000
0.126038 0.310906 0.772899 0.000000 0.000000 0.000000 1.000000
0.568910 0.901195 0.735911 0.000000 0.000000 0.000000 1.000000
0.859534 0.186617 0.103381 0.000000 0.000000 0.000000 1.000000
0.905831 0.977966 0.388388 0.000000 0.000000 0.000000 1.000000
0.962756 0.327365 0.744936 0.000000 0.000000 0.000000 1.000000
0.779772 0.225345 0.367743 0.000000 0.000000 0.000000 1.000000
0.112298 0.887046 0.746954 0.000000 0.000000 0.000000 1.000000
0.821671 0.911353 0.345898 0.000000 0.000000 0.000000 1.000000
0.680898 0.020500 0.890019 0.000000 0.000000 0.000000 1.000000
0.007312 0.955544 0.532973 0.000000 0.000000 0.000000 1.000000
0.600937 0.352873 0.774877 0.000000 0.000000 0.000000 1.000000
0.041756 0.172658 0.788777 0.000000 0.000000 0.000000 1.000000
0.881228 0.279919 0.750069 0.000000 0.000000 0.000000 1.000000
0.902604 0.691614 0.426716 0.000000 0.000000 0.000000 1.000000
0.103295 0.913598 0.997898 0.000000 0.000000 0.000000 1.000000
0.791375 0.903136 0.720546 0.000000 0.000000 0.000000 1.000000
0.652069 0.551821 0.570670 0.000000 0.000000 0.000000 1.000000
0.038871 0.668983 0.024852 0.000000 0.000000 0.000000 1.000000
0.710320 0.622898 0.461270 0.000000 0.000000 0.000000 1.000000
0.536145 0.436681 0.649110 0.000000 0.000000 0.000000 1.000000
0.440365 0.308584 0.397648 0.000000 0.000000 0.000000 1.000000
0.673164 0.109480 0.017137 0.000000 0.000000 0.000000 1.000000
0.370526 0.403401 0.355705 0.000000 0.000000 0.000000 1.000000
0.361542 0.119039 0.813968 0.000000 0.000000 0.000000 1.000000
0.429960 0.600328 0.241842 0.000000 0.000000 0.000000 1.000000
0.600280 0.448878 0.754549 0.000000 0.000000 0.000000 1.000000
0.736728 0.394367 0.355994 0.000000 0.000000 0.000000 1.000000
0.625126 0.575415 0.397161 0.000000 0.000000 0.000000 1.000000
0.052905 0.666129 0.069693 0.000000 0.000000 0.000000 1.000000
0.513141 0.279805 0.217205 0.000000 0.000000 0.000000 1.000000
0.300396 0.287818 0.803169 0.000000 0.000000 0.000000 1.000000
0.067260 0.167030 0.376803 0.000000 0.000000 0.000000 1.000000
0.658199 0.819662 0.224562 0.000000 0.000000 0.000000 1.000000
0.293513 0.180281 0.814359 0.000000 0.000000 0.000000 1.000000
0.827611 0.340113 0.182588 0.000000 0.000000 0.000000 1.000000
0.778047 0.751673 0.609773 0.000000 0.000000 0.000000 1.000000
0.627734 0.824125 0.534027 0.000000 0.000000 0.000000 1.000000
0.461902 0.839656 0.467820 0.000000 0.000000 0.000000 1.000000
0.967063 0.346062 0.270777 0.000000 0.000000 0.000000 1.000000
0.822357 0.120564 0.915321 0.000000 0.000000 0.000000 1.000000
0.315127 0.005837 0.723778 0.000000 0.000000 0.000000 1.000000
0.150787 0.034481 0.579894 0.000000 0.000000 0.000000 1.000000
0.684419 0.320590 0.998426 0.000000 0.000000 0.000000 1.000000
0.711162 0.988372 0.328603 0.000000 0.000000 0.000000 1.000000
0.660937 0.108286 0.409585 0.000000 0.000000 0.000000 1.000000
0.291202 0.937585 0.370572 0.000000 0.000000 0.000000 1.000000
0.469846 0.100695 0.650377 0.000000 0.000000 0.000000 1.000000
0.594815 0.062978 0.695000 0.000000 0.000000 0.000000 1.000000
0.140042 0.672191 0.864112 0.000000 0.000000 0.000000 1.000000
0.831433 0.889141 0.721683 0.000000 0.000000 0.000000 1.000000
0.569852 0.368804 0.340307 0.000000 0.000000 0.000000 1.000000
0.755237 0.322324 0.569198 0.000000 0.000000 0.000000 1.000000
0.327925 0.838279 0.347478 0.000000 0.000000 0.000000 1.000000
0.297148 0.971100 0.007487 0.000000 0.000000 0.000000 1.000000
0.844514 0.804994 0.799722 0.000000 0.000000 0.000000 1.000000
0.955432 0.213878 0.294321 0.000000 0.000000 0.000000 1.000000
0.628758 0.030237 0.414020 0.000000 0.000000 0.000000 1.000000
0.714528 0.879796 0.135658 0.000000 0.000000 0.000000 1.000000
0.054971 0.618500 0.567442 0.000000 0.000000 0.000000 1.000000
0.080702 0.950148 0.557393 0.000000 0.000000 0.000000 1.000000
0.508928 0.724013 0.563684 0.000000 0.000000 0.000000 1.000000
0.557714 0.695741 0.042608 0.000000 0.000000 0.000000 1.000000
0.004560 0.671748 0.046249 0.000000 0.000000 0.000000 1.000000
0.969827 0.874721 0.943353 0.000000 0.000000 0.000000 1.000000
0.743008 0.814573 0.713547 0.000000 0.000000 0.000000 1.000000
0.712042 0.846574 0.922928 0.000000 0.000000 0.000000 1.000000
0.176794 0.456164 0.532033 0.000000 0.000000 0.000000 1.000000
0.558039 0.164359 0.231602 0.000000 0.000000 0.000000 1.000000
0.703096 0.755320 0.783085 0.000000 0.000000 0.000000 1.000000
0.817138 0.218050 0.201497 0.000000 0.000000 0.000000 1.000000
0.049288 0.860614 0.160553 0.000000 0.000000 0.000000 1.000000
0.103447 0.342628 0.838475 0.000000 0.000000 0.000000 1.000000
0.800031 0.749400 0.904622 0.000000 0.000000 0.000000 1.000000
0.554771 0.125316 0.329234 0.000000 0.000000 0.000000 1.000000
0.231018 0.606918 0.248004 0.000000 0.000000 0.000000 1.000000
0.118676 0.788586 0.995550 0.000000 0.000000 0.000000 1.000000
0.935170 0.961772 0.321505 0.000000 0.000000 0.000000 1.000000
0.866726 0.870872 0.426651 0.000000 0.000000 0.000000 1.000000
0.726789 0.322130 0.519626 0.000000 0.000000 0.000000 1.000000
0.764801 0.971276 0.880330 0.000000 0.000000 0.000000 1.000000
0.416392 0.774106 0.775116 0.000000 0.000000 0.000000 1.000000
0.695017 0.980562 0.651276 0.000000 0.000000 0.000000 1.000000
0.241487 0.248765 0.734932 0.000000 0.000000 0.000000 1.000000
0.891139 0.324811 0.431757 0.000000 0.000000 0.000000 1.000000
0.979105 0.721065 0.471435 0.000000 0.000000 0.000000 1.000000
0.923833 0.230298 0.332236 0.000000 0.000000 0.000000 1.000000
0.347433 0.558883 0.515664 0.000000 0.000000 0.000000 1.000000
0.250662 0.861431 0.276607 0.000000 0.000000 0.000000 1.000000
0.216814 0.056955 0.968320 0.000000 0.000000 0.000000 1.000000
0.838517 0.924464 0.221875 0.000000 0.000000 0.000000 1.000000
0.521277 0.741534 0.203073 0.000000 0.000000 0.000000 1.000000
0.893401 0.018666 0.347350 0.000000 0.000000 0.000000 1.000000
0.070687 0.236018 0.674419 0.000000 0.000000 0.000000 1.000000
0.896231 0.329711 0.128796 0.000000 0.000000 0.000000 1.000000
0.632000 0.191792 0.916419 0.000000 0.000000 0.000000 1.000000
0.338960 0.401450 0.866862 0.000000 0.000000 0.000000 1.000000
0.389505 0.092971 0.270571 0.000000 0.000000 0.000000 1.000000
0.276094 0.758996 0.956270 0.000000 0.000000 0.000000 1.000000
0.793326 0.310356 0.428256 0.000000 0.000000 0.000000 1.000000
0.169213 0.404032 0.377733 0.000000 0.000000 0.000000 1.000000
0.633308 0.703834 0.659859 0.000000 0.000000 0.000000 1.000000
0.682260 0.199488 0.600207 0.000000 0.000000 0.000000 1.000000
0.812237 0.814529 0.318650 0.000000 0.000000 0.000000 1.000000
0.122501 0.659380 0.200624 0.000000 0.000000 0.000000 1.000000
0.679979 0.659943 0.184558 0.000000 0.000000 0.000000 1.000000
0.399988 0.866443 0.787452 0.000000 0.000000 0.000000 1.000000
0.068799 0.840769 0.274752 0.000000 0.000000 0.000000 1.000000
0.198102 0.332675 0.252313 0.000000 0.000000 0.000000 1.000000
0.242559 0.030009 0.848777 0.000000 0.000000 0.000000 1.000000
0.763967 0.574931 0.891545 0.000000 0.000000 0.000000 1.000000
0.298053 0.907016 0.361939 0.000000 0.000000 0.000000 1.000000
0.338256 0.831972 0.579456 0.000000 0.000000 0.000000 1.000000
0.660436 0.951612 0.168796 0.000000 0.000000 0.000000 1.000000
0.299073 0.768389 0.992284 0.000000 0.000000 0.000000 1.000000
0.368093 0.004101 0.991264 0.000000 0.000000 0.000000 1.000000
0.560523 0.268223 0.340519 0.000000 0.000000 0.000000 1.000000
0.162825 0.960626 0.524096 0.000000 0.000000 0.000000 1.000000
0.071020 0.105111 0.657726 0.000000 0.000000 0.000000 1.000000
0.293640 0.809193 0.362283 0.000000 0.000000 0.000000 1.000000
0.716709 0.662847 0.044232 0.000000 0.000000 0.000000 1.000000
0.164391 0.853618 0.663533 0.000000 0.000000 0.000000 1.000000
0.134268 0.862328 0.441223 0.000000 0.000000 0.000000 1.000000
0.800233 0.145692 0.491919 0.000000 0.000000 0.000000 1.000000
0.190075 0.049141 0.063945 0.000000 0.000000 0.000000 1.000000
0.848411 0.996220 0.805252 0.000000 0.000000 0.000000 1.000000
0.002037 0.869480 0.408190 0.000000 0.000000 0.000000 1.000000
0.741334 0.788706 0.197913 0.000000 0.000000 0.000000 1.000000
0.112937 0.852352 0.250875 0.000000 0.000000 0.000000 1.000000
0.081667 0.769212 0.927971 0.000000 0.000000 0.000000 1.000000
0.444473 0.254874 0.546927 0.000000 0.000000 0.000000 1.000000
0.147822 0.489913 0.573410 0.000000 0.000000 0.000000 1.000000
0.511958 0.127764 0.853118 0.000000 0.000000 0.000000 1.000000
0.654116 0.664561 0.658182 0.000000 0.000000 0.000000 1.000000
0.678080 0.221190 0.758263 0.000000 0.000000 0.000000 1.000000
0.462394 0.636502 0.946024 0.000000 0.000000 0.000000 1.000000
0.982159 0.740285 0.437880 0.000000 0.000000 0.000000 1.000000
0.489838 0.296578 0.102526 0.000000 0.000000 0.000000 1.000000
0.702853 0.473929 0.905118 0.000000 0.000000 0.000000 1.000000
0.708277 0.430375 0.041522 0.000000 0.000000 0.000000 1.000000
0.645330 0.533226 0.144970 0.000000 0.000000 0.000000 1.000000
0.620192 0.739101 0.081452 0.000000 0.000000 0.000000 1.000000
0.282299 0.528184 0.275276 0.000000 0.000000 0.000000 1.000000
0.600891 0.520517 0.460283 0.000000 0.000000 0.000000 1.000000
0.833307 0.779162 0.883888 0.000000 0.000000 0.000000 1.000000
0.480757 0.592330 0.367747 0.000000 0.000000 0.000000 1.000000
0.487797 0.123575 0.796594 0.000000 0.000000 0.000000 1.000000
0.113097 0.597242 0.491809 0.000000 0.000000 0.000000 1.000000
0.751484 0.756970 0.010530 0.000000 0.000000 0.000000 1.000000
0.603734 0.074914 0.479036 0.000000 0.000000 0.000000 1.000000
0.130490 0.537188 0.226730 0.000000 0.000000 0.000000 1.000000
0.219310 0.355054 0.398020 0.000000 0.000000 0.000000 1.000000
0.256805 0.100738 0.451382 0.000000 0.000000 0.000000 1.000000
0.140610 0.834263 0.278701 0.000000 0.000000 0.000000 1.000000
0.952616 0.709796 0.404402 0.000000 0.000000 0.000000 1.000000
0.151075 0.273323 0.214378 0.000000 0.000000 0.000000 1.000000
0.168290 0.999393 0.704309 0.000000 0.000000 0.000000 1.000000
0.010299 0.828482 0.865914 0.000000 0.000000 0.000000 1.000000
0.205536 0.890849 0.377928 0.000000 0.000000 0.000000 1.000000
0.363590 0.463346 0.790959 0.000000 0.000000 0.000000 1.000000
0.693810 0.432961 0.564647 0.000000 0.000000 0.000000 1.000000
0.265952 0.082128 0.700912 0.000000 0.000000 0.000000 1.000000
0.813856 0.026874 0.499991 0.000000 0.000000 0.000000 1.000000
0.594126 0.127408 0.763588 0.000000 0.000000 0.000000 1.000000
0.291986 0.393491 0.506670 0.000000 0.000000 0.000000 1.000000
0.480919 0.157471 0.518020 0.000000 0.000000 0.000000 1.000000
0.645411 0.728688 0.675682 0.000000 0.000000 0.000000 1.000000
0.996930 0.076120 0.516740 0.000000 0.000000 0.000000 1.000000
0.046497 0.200055 0.316568 0.000000 0.000000 0.000000 1.000000
0.682819 0.546074 0.792064 0.000000 0.000000 0.000000 1.000000
0.881918 0.663190 0.822001 0.000000 0.000000 0.000000 1.000000
0.166425 0.237701 0.028651 0.000000 0.000000 0.000000 1.000000
0.507282 0.807570 0.091674 0.000000 0.000000 0.000000 1.000000
0.672699 0.540883 0.475222 0.000000 0.000000 0.000000 1.000000
0.450523 0.755578 0.433745 0.000000 0.000000 0.000000 1.000000
0.983889 0.786393 0.861880 0.000000 0.000000 0.000000 1.000000
0.178493 0.060643 0.110518 0.000000 0.000000 0.000000 1.000000
0.787909 0.161675 0.350764 0.000000 0.000000 0.000000 1.000000
0.585789 0.176649 0.728810 0.000000 0.000000 0.000000 1.000000
0.227332 0.323716 0.760271 0.000000 0.000000 0.000000 1.000000
0.578292 0.523317 0.476499 0.000000 0.000000 0.000000 1.000000
0.299567 0.710001 0.092744 0.000000 0.000000 0.000000 1.000000
0.313543 0.163778 0.501584 0.000000 0.000000 0.000000 1.000000
0.177802 0.975005 0.534339 0.000000 0.000000 0.000000 1.000000
0.158700 0.954403 0.979752 0.000000 0.000000 0.000000 1.000000
0.169584 0.330979 0.470147 0.000000 0.000000 0.000000 1.000000
0.692098 0.545804 0.565365 0.000000 0.000000 0.000000 1.000000
0.713174 0.782371 0.686723 0.000000 0.000000 0.000000 1.000000
0.195961 0.201455 0.122523 0.000000 0.000000 0.000000 1.000000
0.868378 0.397701 0.697788 0.000000 0.000000 0.000000 1.000000
0.230468 0.215001 0.403158 0.000000 0.000000 0.000000 1.000000
0.156628 0.954217 0.557971 0.000000 0.000000 0.000000 1.000000
0.567634 0.298257 0.624055 0.000000 0.000000 0.000000 1.000000
0.331899 0.122249 0.911811 0.000000 0.000000 0.000000 1.000000
0.143393 0.718950 0.557848 0.000000 0.000000 0.000000 1.000000
0.927586 0.593116 0.204112 0.000000 0.000000 0.000000 1.000000
0.234097 0.729269 0.018128 0.000000 0.000000 0.000000 1.000000
0.608591 0.589029 0.609078 0.000000 0.000000 0.000000 1.000000
0.610161 0.731462 0.123727 0.000000 0.000000 0.000000 1.000000
0.805851 0.629578 0.429344 0.000000 0.000000 0.000000 1.000000
0.522827 0.029238 0.569324 0.000000 0.000000 0.000000 1.000000
0.365291 0.915619 0.072877 0.000000 0.000000 0.000000 1.000000
0.574189 0.360959 0.831223 0.000000 0.000000 0.000000 1.000000
0.902831 0.157698 0.474945 0.000000 0.000000 0.000000 1.000000
0.751313 0.417893 0.975667 0.000000 0.000000 0.000000 1.000000
0.457799 0.884539 0.387009 0.000000 0.000000 0.000000 1.000000
0.810262 0.118582 0.595286 0.000000 0.000000 0.000000 1.000000
0.616401 0.023422 0.596885 0.000000 0.000000 0.000000 1.000000
0.154543 0.361280 0.301053 0.000000 0.000000 0.000000 1.000000
0.847294 0.367470 0.360748 0.000000 0.000000 0.000000 1.000000
0.226394 0.103063 0.967209 0.000000 0.000000 0.000000 1.000000
0.551936 0.378957 0.883534 0.000000 0.000000 0.000000 1.000000
0.512884 0.632391 0.107151 0.000000 0.000000 0.000000 1.000000
0.132369 0.216639 0.562193 0.000000 0.000000 0.000000 1.000000
0.948381 0.343391 0.373363 0.000000 0.000000 0.000000 1.000000
0.490628 0.571132 0.321976 0.000000 0.000000 0.000000 1.000000
0.120112 0.544881 0.682852 0.000000 0.000000 0.000000 1.000000
0.509571 0.948330 0.103997 0.000000 0.000000 0.000000 1.000000
0.815231 0.686367 0.776174 0.000000 0.000000 0.000000 1.000000
0.801842 0.255038 0.756344 0.000000 0.000000 0.000000 1.000000
0.668686 0.487715 0.814326 0.000000 0.000000 0.000000 1.000000
0.696214 0.950292 0.256676 0.000000 0.000000 0.000000 1.000000
0.231702 0.560412 0.680968 0.000000 0.000000 0.000000 1.000000
0.177680 0.949389 0.428616 0.000000 0.000000 0.000000 1.000000
0.805101 0.797514 0.962432 0.000000 0.000000 0.000000 1.000000
0.691804 0.619966 0.687815 0.000000 0.000000 0.000000 1.000000
0.583104 0.296182 0.327283 0.000000 0.000000 0.000000 1.000000
0.459247 0.042698 0.907020 0.000000 0.000000 0.000000 1.000000
0.523954 0.939377 0.425410 0.000000 0.000000 0.000000 1.000000
0.079550 0.251056 0.217410 0.000000 0.000000 0.000000 1.000000
0.311224 0.025847 0.463835 0.000000 0.000000 0.000000 1.000000
0.155331 0.403896 0.094167 0.000000 0.000000 0.000000 1.000000
0.601401 0.461176 0.723713 0.000000 0.000000 0.000000 1.000000
0.286586 0.890600 0.239292 0.000000 0.000000 0.000000 1.000000
0.068636 0.275624 0.581493 0.000000 0.000000 0.000000 1.000000
0.210032 0.200733 0.762122 0.000000 0.000000 0.000000 1.000000
0.952370 0.513456 0.998181 0.000000 0.000000 0.000000 1.000000
0.524238 0.828263 0.356289 0.000000 0.000000 0.000000 1.000000
0.353094 0.209491 0.443163 0.000000 0.000000 0.000000 1.000000
0.432900 0.338824 0.580434 0.000000 0.000000 0.000000 1.000000
0.339083 0.430172 0.994633 0.000000 0.000000 0.000000 1.000000
0.770190 0.282929 0.450853 0.000000 0.000000 0.000000 1.000000
0.136370 0.413037 0.162503 0.000000 0.000000 0.000000 1.000000
0.584197 0.246694 0.324394 0.000000 0.000000 0.000000 1.000000
0.396269 0.576144 0.082679 0.000000 0.000000 0.000000 1.000000
0.745774 0.857600 0.711300 0.000000 0.000000 0.000000 1.000000
0.333482 0.456344 0.002720 0.000000 0.000000 0.000000 1.000000
0.202622 0.413505 0.722338 0.000000 0.000000 0.000000 1.000000
0.806126 0.946527 0.536739 0.000000 0.000000 0.000000 1.000000
0.483084 0.919382 0.794851 0.000000 0.000000 0.000000 1.000000
0.085896 0.217974 0.271289 0.000000 0.000000 0.000000 1.000000
0.031622 0.845167 0.274816 0.000000 0.000000 0.000000 1.000000
0.008855 0.463495 0.284055 0.000000 0.000000 0.000000 1.000000
0.833555 0.337033 0.199981 0.000000 0.000000 0.000000 1.000000
0.142755 0.683481 0.273608 0.000000 0.000000 0.000000 1.000000
0.603686 0.905764 0.660446 0.000000 0.000000 0.000000 1.000000
0.746188 0.734374 0.722474 0.000000 0.000000 0.000000 1.000000
0.029489 0.469023 0.027996 0.000000 0.000000 0.000000 1.000000
0.266843 0.138764 0.533820 0.000000 0.000000 0.000000 1.000000
0.771963 0.106842 0.133884 0.000000 0.000000 0.000000 1.000000
0.114340 0.108568 0.500778 0.000000 0.000000 0.000000 1.000000
0.092131 0.882336 0.984655 0.000000 0.000000 0.000000 1.000000
0.629844 0.676845 0.492252 0.000000 0.000000 0.000000 1.000000
0.989187 0.788180 0.911567 0.000000 0.000000 0.000000 1.000000
0.711400 0.074180 0.658713 0.000000 0.000000 0.000000 1.000000
0.121844 0.548191 0.852856 0.000000 0.000000 0.000000 1.000000
0.444343 0.851292 0.767497 0.000000 0.000000 0.000000 1.000000
0.923809 0.527701 0.984809 0.000000 0.000000 0.000000 1.000000
0.956668 0.390327 0.095704 0.000000 0.000000 0.000000 1.000000
0.884119 0.477500 0.769223 0.000000 0.000000 0.000000 1.000000
0.275378 0.585123 0.425186 0.000000 0.000000 0.000000 1.000000
0.121846 0.649307 0.624389 0.000000 0.000000 0.000000 1.000000
0.341187 0.277011 0.909302 0.000000 0.000000 0.000000 1.000000
0.483427 0.156083 0.575704 0.000000 0.000000 0.000000 1.000000
0.027383 0.253271 0.195706 0.000000 0.000000 0.000000 1.000000
0.918242 0.425478 0.930091 0.000000 0.000000 0.000000 1.000000
0.936181 0.050320 0.356173 0.000000 0.000000 0.000000 1.000000
0.790450 0.782672 0.763916 0.000000 0.000000 0.000000 1.000000
0.928115 0.349908 0.009863 0.000000 0.000000 0.000000 1.000000
0.293687 0.222245 0.743350 0.000000 0.000000 0.000000 1.000000
0.467472 0.482245 0.659943 0.000000 0.000000 0.000000 1.000000
0.883348 0.161449 0.624734 0.000000 0.000000 0.000000 1.000000
0.678627 0.131542 0.548362 0.000000 0.000000 0.000000 1.000000
0.015745 0.504287 0.709392 0.000000 0.000000 0.000000 1.000000
0.033801 0.139778 0.576346 0.000000 0.000000 0.000000 1.000000
0.130287 0.347452 0.436420 0.000000 0.000000 0.000000 1.000000
0.419200 0.997411 0.405800 0.000000 0.000000 0.000000 1.000000
0.587088 0.475151 0.803896 0.000000 0.000000 0.000000 1.000000
0.788811 0.401927 0.837141 0.000000 0.000000 0.000000 1.000000
0.417018 0.904389 0.584715 0.000000 0.000000 0.000000 1.000000
0.256845 0.665559 0.138881 0.000000 0.000000 0.000000 1.000000
0.032287 0.387339 0.814015 0.000000 0.000000 0.000000 1.000000
0.394934 0.109718 0.357285 0.000000 0.000000 0.000000 1.000000
0.037793 0.274287 0.945324 0.000000 0.000000 0.000000 1.000000
0.003257 0.069701 0.776873 0.000000 0.000000 0.000000 1.000000
0.070239 0.555326 0.581589 0.000000 0.000000 0.000000 1.000000
0.958781 0.390274 0.258907 0.000000 0.000000 0.000000 1.000000
0.757708 0.203996 0.683108 0.000000 0.000000 0.000000 1.000000
0.074589 0.942417 0.284819 0.000000 0.000000 0.000000 1.000000
0.307926 0.983484 0.556890 0.000000 0.000000 0.000000 1.000000
0.399278 0.128664 0.560731 0.000000 0.000000 0.000000 1.000000
0.723663 0.150976 0.455626 0.000000 0.000000 0.000000 1.000000
0.776799 0.377428 0.007709 0.000000 0.000000 0.000000 1.000000
0.995830 0.178589 0.672636 0.000000 0.000000 0.000000 1.000000
0.417470 0.370764 0.766083 0.000000 0.000000 0.000000 1.000000
0.115182 0.409547 0.315626 0.000000 0.000000 0.000000 1.000000
0.479912 0.077013 0.961501 0.000000 0.000000 0.000000 1.000000
0.685809 0.546745 0.583000 0.000000 0.000000 0.000000 1.000000
0.128477 0.553689 0.035916 0.000000 0.000000 0.000000 1.000000
0.031998 0.700909 0.850012 0.000000 0.000000 0.000000 1.000000
0.938471 0.107881 0.859316 0.000000 0.000000 0.000000 1.000000
0.580089 0.035655 0.798579 0.000000 0.000000 0.000000 1.000000
0.503395 0.304736 0.344226 0.000000 0.000000 0.000000 1.000000
0.702261 0.955210 0.964164 0.000000 0.000000 0.000000 1.000000
0.831457 0.276234 0.863917 0.000000 0.000000 0.000000 1.000000
0.914589 0.565871 0.302366 0.000000 0.000000 0.000000 1.000000
0.470746 0.719001 0.700050 0.000000 0.000000 0.000000 1.000000
0.600729 0.325320 0.245132 0.000000 0.000000 0.000000 1.000000
0.408541 0.812783 0.200090 0.000000 0.000000 0.000000 1.000000
0.208716 0.916703 0.006462 0.000000 0.000000 0.000000 1.000000
0.825399 0.860274 0.499997 0.000000 0.000000 0.000000 1.000000
0.527387 0.755265 0.695655 0.000000 0.000000 0.000000 1.000000
0.925906 0.259749 0.038796 0.000000 0.000000 0.000000 1.000000
0.493309 0.422380 0.822449 0.000000 0.000000 0.000000 1.000000
0.324806 0.285411 0.323645 0.000000 0.000000 0.000000 1.000000
0.819910 0.638979 0.393850 0.000000 0.000000 0.000000 1.000000
0.575652 0.257425 0.080486 0.000000 0.000000 0.000000 1.000000
0.006607 0.958197 0.640897 0.000000 0.000000 0.000000 1.000000
0.968847 0.865114 0.841978 0.000000 0.000000 0.000000 1.000000
0.048152 0.227435 0.930276 0.000000 0.000000 0.000000 1.000000
0.517488 0.860439 0.561912 0.000000 0.000000 0.000000 1.000000
0.992825 0.540568 0.997461 0.000000 0.000000 0.000000 1.000000
0.482019 0.891332 0.268160 0.000000 0.000000 0.000000 1.000000
0.991985 0.216759 0.002366 0.000000 0.000000 0.000000 1.000000
0.670464 0.032743 0.114705 0.000000 0.000000 0.000000 1.000000
0.904872 0.507559 0.224003 0.000000 0.000000 0.000000 1.000000
0.603102 0.899129 0.795962 0.000000 0.000000 0.000000 1.000000
0.772758 0.069540 0.534274 0.000000 0.000000 0.000000 1.000000
0.198177 0.132268 0.995382 0.000000 0.000000 0.000000 1.000000
0.541257 0.156758 0.358784 0.000000 0.000000 0.000000 1.000000
0.585156 0.937374 0.336794 0.000000 0.000000 0.000000 1.000000
0.269628 0.355991 0.731290 0.000000 0.000000 0.000000 1.000000
0.713958 0.091493 0.555227 0.000000 0.000000 0.000000 1.000000
0.999937 0.460429 0.513476 0.000000 0.000000 0.000000 1.000000
0.934836 0.002687 0.235403 0.000000 0.000000 0.000000 1.000000
0.431295 0.932364 0.950448 0.000000 0.000000 0.000000 1.000000
0.763539 0.210378 0.977980 0.000000 0.000000 0.000000 1.000000
0.211607 0.489203 0.404764 0.000000 0.000000 0.000000 1.000000
0.824950 0.379130 0.598228 0.000000 0.000000 0.000000 1.000000
0.037449 0.029676 0.009020 0.000000 0.000000 0.000000 1.000000
0.581559 0.787100 0.490600 0.000000 0.000000 0.000000 1.000000
0.007656 0.209445 0.623694 0.000000 0.000000 0.000000 1.000000
0.182419 0.821491 0.221017 0.000000 0.000000 0.000000 1.000000
0.026874 0.046216 0.997162 0.000000 0.000000 0.000000 1.000000
0.214498 0.942834 0.338157 0.000000 0.000000 0.000000 1.000000
0.401194 0.148618 0.092619 0.000000 0.000000 0.000000 1.000000
0.812896 0.788052 0.928225 0.000000 0.000000 0.000000 1.000000
0.585507 0.396784 0.655081 0.000000 0.000000 0.000000 1.000000
0.152072 0.664324 0.937427 0.000000 0.000000 0.000000 1.000000
0.560384 0.831232 0.495164 0.000000 0.000000 0.000000 1.000000
0.820602 0.363433 0.800260 0.000000 0.000000 0.000000 1.000000
0.018075 0.854351 0.335541 0.000000 0.000000 0.000000 1.000000
0.338941 0.958654 0.947885 0.000000 0.000000 0.000000 1.000000
0.969762 0.908477 0.857480 0.000000 0.000000 0.000000 1.000000
0.596636 0.547994 0.221784 0.000000 0.000000 0.000000 1.000000
0.587630 0.505871 0.314846 0.000000 0.000000 0.000000 1.000000
0.158684 0.402302 0.854563 0.000000 0.000000 0.000000 1.000000
0.887691 0.032249 0.011433 0.000000 0.000000 0.000000 1.000000
0.026015 0.674987 0.374343 0.000000 0.000000 0.000000 1.000000
0.051648 0.879508 0.886656 0.000000 0.000000 0.000000 1.000000
0.254517 0.673085 0.813141 0.000000 0.000000 0.000000 1.000000
0.153213 0.265440 0.205891 0.000000 0.000000 0.000000 1.000000
0.458299 0.032580 0.655352 0.000000 0.000000 0.000000 1.000000
0.782738 0.781289 0.126603 0.000000 0.000000 0.000000 1.000000
0.460775 0.374240 0.354386 0.000000 0.000000 0.000000 1.000000
0.552843 0.264441 0.232358 0.000000 0.000000 0.000000 1.000000
0.678172 0.270584 0.106167 0.000000 0.000000 0.000000 1.000000
0.274754 0.689062 0.306599 0.000000 0.000000 0.000000 1.000000
0.252292 0.832593 0.817309 0.000000 0.000000 0.000000 1.000000
0.564687 0.518785 0.841042 0.000000 0.000000 0.000000 1.000000
0.281036 0.026684 0.388286 0.000000 0.000000 0.000000 1.000000
0.022074 0.761923 0.866768 0.000000 0.000000 0.000000 1.000000
0.678305 0.351700 0.753928 0.000000 0.000000 0.000000 1.000000
0.332211 0.999952 0.781960 0.000000 0.000000 0.000000 1.000000
0.080447 0.204266 0.420973 0.000000 0.000000 0.000000 1.000000
0.267608 0.046139 0.230482 0.000000 0.000000 0.000000 1.000000
0.291393 0.284173 0.784757 0.000000 0.000000 0.000000 1.000000
0.716951 0.082693 0.133474 0.000000 0.000000 0.000000 1.000000
0.815964 0.505348 0.033144 0.000000 0.000000 0.000000 1.000000
0.214327 0.820275 0.711911 0.000000 0.000000 0.000000 1.000000
0.809318 0.675870 0.510258 0.000000 0.000000 0.000000 1.000000
0.084992 0.776992 0.851069 0.000000 0.000000 0.000000 1.000000
0.703857 0.417646 0.000554 0.000000 0.000000 0.000000 1.000000
0.135276 0.089305 0.219655 0.000000 0.000000 0.000000 1.000000
0.457995 0.892791 0.473972 0.000000 0.000000 0.000000 1.000000
0.191354 0.806638 0.487549 0.000000 0.000000 0.000000 1.000000
0.291332 0.170907 0.610382 0.000000 0.000000 0.000000 1.000000
0.773086 0.631078 0.579706 0.000000 0.000000 0.000000 1.000000
0.539505 0.326483 0.351018 0.000000 0.000000 0.000000 1.000000
0.276165 0.959448 0.682473 0.000000 0.000000 0.000000 1.000000
0.565870 0.975695 0.560518 0.000000 0.000000 0.000000 1.000000
0.531743 0.660890 0.958772 0.000000 0.000000 0.000000 1.000000
0.550698 0.776304 0.370217 0.000000 0.000000 0.000000 1.000000
0.767692 0.736912 0.261864 0.000000 0.000000 0.000000 1.000000
0.031770 0.879290 0.343371 0.000000 0.000000 0.000000 1.000000
0.557838 0.616397 0.393014 0.000000 0.000000 0.000000 1.000000
0.543230 0.815172 0.258108 0.000000 0.000000 0.000000 1.000000
0.009788 0.268271 0.607914 0.000000 0.000000 0.000000 1.000000
0.775467 0.519909 0.428605 0.000000 0.000000 0.000000 1.000000
0.947306 0.566194 0.042765 0.000000 0.000000 0.000000 1.000000
0.545488 0.122201 0.546246 0.000000 0.000000 0.000000 1.000000
0.909051 0.293348 0.876787 0.000000 0.000000 0.000000 1.000000
0.088812 0.795678 0.094354 0.000000 0.000000 0.000000 1.000000
0.766914 0.166510 0.744596 0.000000 0.000000 0.000000 1.000000
0.383376 0.619735 0.535844 0.000000 0.000000 0.000000 1.000000
0.231802 0.978186 0.123207 0.000000 0.000000 0.000000 1.000000
0.234779 0.130225 0.059720 0.000000 0.000000 0.000000 1.000000
0.952384 0.802453 0.261396 0.000000 0.000000 0.000000 1.000000
0.984535 0.762187 0.076640 0.000000 0.000000 0.000000 1.000000
0.125164 0.145987 0.080399 0.000000 0.000000 0.000000 1.000000
0.363171 0.851812 0.548811 0.000000 0.000000 0.000000 1.000000
0.871141 0.933138 0.674104 0.000000 0.000000 0.000000 1.000000
0.341415 0.570297 0.220484 0.000000 0.000000 0.000000 1.000000
0.048028 0.082699 0.660778 0.000000 0.000000 0.000000 1.000000
0.276863 0.177696 0.572100 0.000000 0.000000 0.000000 1.000000
0.419221 0.089395 0.037397 0.000000 0.000000 0.000000 1.000000
0.290417 0.770167 0.761449 0.000000 0.000000 0.000000 1.000000
0.559852 0.529303 0.798757 0.000000 0.000000 0.000000 1.000000
0.970929 0.021110 0.692298 0.000000 0.000000 0.000000 1.000000
0.796032 0.234674 0.610762 0.000000 0.000000 0.000000 1.000000
0.593861 0.166530 0.480516 0.000000 0.000000 0.000000 1.000000
0.329169 0.438347 0.775134 0.000000 0.000000 0.000000 1.000000
0.967651 0.461031 0.092183 0.000000 0.000000 0.000000 1.000000
0.033092 0.278640 0.002613 0.000000 0.000000 0.000000 1.000000
0.962038 0.430449 0.007855 0.000000 0.000000 0.000000 1.000000
0.715188 0.197831 0.026089 0.000000 0.000000 0.000000 1.000000
0.630837 0.891415 0.818525 0.000000 0.000000 0.000000 1.000000
0.500630 0.676100 0.507839 0.000000 0.000000 0.000000 1.000000
0.951035 0.518317 0.514073 0.000000 0.000000 0.000000 1.000000
0.286355 0.324702 0.715917 0.000000 0.000000 0.000000 1.000000
0.063467 0.229729 0.840619 0.000000 0.000000 0.000000 1.000000
0.629612 0.666802 0.530509 0.000000 0.000000 0.000000 1.000000
0.263309 0.188228 0.438454 0.000000 0.000000 0.000000 1.000000
0.355039 0.210906 0.660398 0.000000 0.000000 0.000000 1.000000
0.471786 0.925114 0.334930 0.000000 0.000000 0.000000 1.000000
0.213437 0.033196 0.216647 0.000000 0.000000 0.000000 1.000000
0.937376 0.694892 0.896204 0.000000 0.000000 0.000000 1.000000
0.069559 0.213908 0.682616 0.000000 0.000000 0.000000 1.000000
0.375207 0.153455 0.957623 0.000000 0.000000 0.000000 1.000000
0.280735 0.445585 0.067979 0.000000 0.000000 0.000000 1.000000
0.174055 0.392793 0.751070 0.000000 0.000000 0.000000 1.000000
0.686470 0.800662 0.614868 0.000000 0.000000 0.000000 1.000000
0.187048 0.836521 0.530988 0.000000 0.000000 0.000000 1.000000
0.658454 0.936487 0.630466 0.000000 0.000000 0.000000 1.000000
0.020366 0.734298 0.649319 0.000000 0.000000 0.000000 1.000000
0.209559 0.443417 0.094980 0.000000 0.000000 0.000000 1.000000
0.866473 0.659525 0.749987 0.000000 0.000000 0.000000 1.000000
0.917280 0.830466 0.176154 0.000000 0.000000 0.000000 1.000000
0.539631 0.530092 0.519770 0.000000 0.000000 0.000000 1.000000
0.416888 0.041903 0.556592 0.000000 0.000000 0.000000 1.000000
0.797577 0.279409 0.352299 0.000000 0.000000 0.000000 1.000000
0.337637 0.721179 0.525171 0.000000 0.000000 0.000000 1.000000
0.407838 0.407088 0.346956 0.000000 0.000000 0.000000 1.000000
0.196005 0.147349 0.792397 0.000000 0.000000 0.000000 1.000000
0.680995 0.406759 0.003264 0.000000 0.000000 0.000000 1.000000
0.585018 0.425203 0.910888 0.000000 0.000000 0.000000 1.000000
0.444323 0.906634 0.249405 0.000000 0.000000 0.000000 1.000000
0.909227 0.489526 0.788480 0.000000 0.000000 0.000000 1.000000
0.568462 0.292129 0.607636 0.000000 0.000000 0.000000 1.000000
0.153626 0.434906 0.120371 0.000000 0.000000 0.000000 1.000000
0.421389 0.033047 0.058478 0.000000 0.000000 0.000000 1.000000
0.297572 0.579575 0.863580 0.000000 0.000000 0.000000 1.000000
0.578630 0.733884 0.000333 0.000000 0.000000 0.000000 1.000000
0.156786 0.629400 0.005456 0.000000 0.000000 0.000000 1.000000
0.468702 0.160837 0.168267 0.000000 0.000000 0.000000 1.000000
0.552539 0.283841 0.449780 0.000000 0.000000 0.000000 1.000000
0.047509 0.977330 0.961666 0.000000 0.000000 0.000000 1.000000
0.158129 0.611569 0.314561 0.000000 0.000000 0.000000 1.000000
0.033899 0.679454 0.418325 0.000000 0.000000 0.000000 1.000000
0.191057 0.228442 0.991150 0.000000 0.000000 0.000000 1.000000
0.435001 0.804760 0.160966 0.000000 0.000000 0.000000 1.000000
0.062053 0.393757 0.514510 0.000000 0.000000 0.000000 1.000000
0.207615 0.534124 0.542399 0.000000 0.000000 0.000000 1.000000
0.926986 0.379663 0.892231 0.000000 0.000000 0.000000 1.000000
0.257046 0.655373 0.381859 0.000000 0.000000 0.000000 1.000000
0.257128 0.067431 0.300021 0.000000 0.000000 0.000000 1.000000
0.264712 0.157564 0.181080 0.000000 0.000000 0.000000 1.000000
0.788245 0.888864 0.372899 0.000000 0.000000 0.000000 1.000000
0.774006 0.520523 0.020559 0.000000 0.000000 0.000000 1.000000
0.679276 0.195154 0.622467 0.000000 0.000000 0.000000 1.000000
0.561076 0.341802 0.818142 0.000000 0.000000 0.000000 1.000000
0.432379 0.086397 0.180870 0.000000 0.000000 0.000000 1.000000
0.775340 0.625006 0.490957 0.000000 0.000000 0.000000 1.000000
0.379341 0.242487 0.252606 0.000000 0.000000 0.000000 1.000000
0.583881 0.670529 0.896707 0.000000 0.000000 0.000000 1.000000
0.750685 0.919527 0.012660 0.000000 0.000000 0.000000 1.000000
0.907615 0.201407 0.394316 0.000000 0.000000 0.000000 1.000000
0.490954 0.923190 0.712133 0.000000 0.000000 0.000000 1.000000
0.004089 0.328244 0.664514 0.000000 0.000000 0.000000 1.000000
0.703505 0.358426 0.272093 0.000000 0.000000 0.000000 1.000000
0.677480 0.331648 0.849268 0.000000 0.000000 0.000000 1.000000
0.374148 0.101018 0.482581 0.000000 0.000000 0.000000 1.000000
0.123757 0.693038 0.543190 0.000000 0.000000 0.000000 1.000000
0.390488 0.843063 0.800904 0.000000 0.000000 0.000000 1.000000
0.770331 0.425717 0.078796 0.000000 0.000000 0.000000 1.000000
0.326816 0.842827 0.146755 0.000000 0.000000 0.000000 1.000000
0.004683 0.755655 0.440967 0.000000 0.000000 0.000000 1.000000
0.560698 0.655469 0.817031 0.000000 0.000000 0.000000 1.000000
0.775564 0.908453 0.006714 0.000000 0.000000 0.000000 1.000000
0.981394 0.825561 0.264691 0.000000 0.000000 0.000000 1.000000
0.117303 0.009282 0.338798 0.000000 0.000000 0.000000 1.000000
0.830049 0.020775 0.532658 0.000000 0.000000 0.000000 1.000000
0.291397 0.445126 0.529968 0.000000 0.000000 0.000000 1.000000
0.370687 0.571628 0.109152 0.000000 0.000000 0.000000 1.000000
0.914427 0.508118 0.465693 0.000000 0.000000 0.000000 1.000000
0.406824 0.174957 0.730661 0.000000 0.000000 0.000000 1.000000
0.724570 0.322973 0.474836 0.000000 0.000000 0.000000 1.000000
0.108207 0.916788 0.964468 0.000000 0.000000 0.000000 1.000000
0.655140 0.221642 0.097858 0.000000 0.000000 0.000000 1.000000
0.196668 0.049194 0.656442 0.000000 0.000000 0.000000 1.000000
0.593766 0.056665 0.326385 0.000000 0.000000 0.000000 1.000000
0.157417 0.580883 0.962972 0.000000 0.000000 0.000000 1.000000
0.464162 0.686665 0.104430 0.000000 0.000000 0.000000 1.000000
0.993432 0.451734 0.791410 0.000000 0.000000 0.000000 1.000000
0.964150 0.099489 0.939587 0.000000 0.000000 0.000000 1.000000
0.460556 0.366120 0.975654 0.000000 0.000000 0.000000 1.000000
0.637636 0.900609 0.019990 0.000000 0.000000 0.000000 1.000000
0.812658 0.208351 0.806112 0.000000 0.000000 0.000000 1.000000
0.333752 0.489818 0.829772 0.000000 0.000000 0.000000 1.000000
0.139340 0.882072 0.173607 0.000000 0.000000 0.000000 1.000000
0.553060 0.966808 0.000456 0.000000 0.000000 0.000000 1.000000
0.463185 0.741812 0.090371 0.000000 0.000000 0.000000 1.000000
0.387096 0.018272 0.480781 0.000000 0.000000 0.000000 1.000000
0.771845 0.927105 0.052225 0.000000 0.000000 0.000000 1.000000
0.832358 0.224575 0.880612 0.000000 0.000000 0.000000 1.000000
0.376988 0.287058 0.916589 0.000000 0.000000 0.000000 1.000000
0.393616 0.796037 0.252798 0.000000 0.000000 0.000000 1.000000
0.217088 0.417760 0.344446 0.000000 0.000000 0.000000 1.000000
0.001143 0.043985 0.009761 0.000000 0.000000 0.000000 1.000000
0.310133 0.453189 0.596841 0.000000 0.000000 0.000000 1.000000
0.277518 0.480593 0.430491 0.000000 0.000000 0.000000 1.000000
0.147674 0.401819 0.374788 0.000000 0.000000 0.000000 1.000000
0.090485 0.892844 0.882248 0.000000 0.000000 0.000000 1.000000
0.520190 0.957996 0.344324 0.000000 0.000000 0.000000 1.000000
0.025134 0.847487 0.600899 0.000000 0.000000 0.000000 1.000000
0.213027 0.118302 0.416699 0.000000 0.000000 0.000000 1.000000
0.067927 0.250620 0.666562 0.000000 0.000000 0.000000 1.000000
0.039844 0.649820 0.447002 0.000000 0.000000 0.000000 1.000000
0.203682 0.651719 0.223547 0.000000 0.000000 0.000000 1.000000
0.972063 0.346024 0.488694 0.000000 0.000000 0.000000 1.000000
0.578102 0.719382 0.450574 0.000000 0.000000 0.000000 1.000000
0.092236 0.258658 0.913234 0.000000 0.000000 0.000000 1.000000
0.174241 0.865796 0.335243 0.000000 0.000000 0.000000 1.000000
0.373240 0.874516 0.517225 0.000000 0.000000 0.000000 1.000000
0.280896 0.625608 0.577345 0.000000 0.000000 0.000000 1.000000
0.206376 0.579089 0.854862 0.000000 0.000000 0.000000 1.000000
0.807513 0.214529 0.693571 0.000000 0.000000 0.000000 1.000000
0.857427 0.647037 0.193790 0.000000 0.000000 0.000000 1.000000
0.940438 0.484087 0.194964 0.000000 0.000000 0.000000 1.000000
0.969810 0.638072 0.981541 0.000000 0.000000 0.000000 1.000000
0.240046 0.036795 0.870889 0.000000 0.000000 0.000000 1.000000
0.818408 0.922923 0.413905 0.000000 0.000000 0.000000 1.000000
0.406627 0.595892 0.904142 0.000000 0.000000 0.000000 1.000000
0.011111 0.069403 0.549706 0.000000 0.000000 0.000000 1.000000
0.263242 0.852745 0.606237 0.000000 0.000000 0.000000 1.000000
0.892231 0.631594 0.044427 0.000000 0.000000 0.000000 1.000000
0.737371 0.713978 0.246000 0.000000 0.000000 0.000000 1.000000
0.613053 0.104896 0.626607 0.000000 0.000000 0.000000 1.000000
0.838308 0.541900 0.330286 0.000000 0.000000 0.000000 1.000000
0.258301 0.213787 0.620526 0.000000 0.000000 0.000000 1.000000
0.255729 0.064084 0.745160 0.000000 0.000000 0.000000 1.000000
0.980935 0.308265 0.836278 0.000000 0.000000 0.000000 1.000000
0.876553 0.082826 0.653154 0.000000 0.000000 0.000000 1.000000
0.844140 0.906094 0.215544 0.000000 0.000000 0.000000 1.000000
0.218268 0.821830 0.452795 0.000000 0.000000 0.000000 1.000000
0.421991 0.412761 0.318581 0.000000 0.000000 0.000000 1.000000
0.335055 0.271337 0.328552 0.000000 0.000000 0.000000 1.000000
0.942527 0.484961 0.916606 0.000000 0.000000 0.000000 1.000000
0.861073 0.198045 0.993525 0.000000 0.000000 0.000000 1.000000
0.041523 0.960384 0.652722 0.000000 0.000000 0.000000 1.000000
0.289113 0.863611 0.043023 0.000000 0.000000 0.000000 1.000000
0.432513 0.382043 0.848799 0.000000 0.000000 0.000000 1.000000
0.698313 0.381223 0.520733 0.000000 0.000000 0.000000 1.000000
0.864618 0.124562 0.477780 0.000000 0.000000 0.000000 1.000000
0.751428 0.604633 0.861683 0.000000 0.000000 0.000000 1.000000
0.330262 0.631073 0.257874 0.000000 0.000000 0.000000 1.000000
0.789685 0.138956 0.809855 0.000000 0.000000 0.000000 1.000000
0.436748 0.940751 0.228986 0.000000 0.000000 0.000000 1.000000
0.228495 0.469101 0.801509 0.000000 0.000000 0.000000 1.000000
0.937549 0.750589 0.932108 0.000000 0.000000 0.000000 1.000000
0.983954 0.699416 0.052163 0.000000 0.000000 0.000000 1.000000
0.806853 0.817911 0.369688 0.000000 0.000000 0.000000 1.000000
0.575618 0.934287 0.847077 0.000000 0.000000 0.000000 1.000000
0.069874 0.212298 0.594081 0.000000 0.000000 0.000000 1.000000
0.241945 0.038758 0.094781 0.000000 0.000000 0.000000 1.000000
0.261180 0.845502 0.926243 0.000000 0.000000 0.000000 1.000000
0.106112 0.719425 0.634871 0.000000 0.000000 0.000000 1.000000
0.919814 0.958650 0.141726 0.000000 0.000000 0.000000 1.000000
0.577325 0.679296 0.316425 0.000000 0.000000 0.000000 1.000000
0.397537 0.432036 0.992211 0.000000 0.000000 0.000000 1.000000
0.789821 0.413637 0.768936 0.000000 0.000000 0.000000 1.000000
0.158592 0.302926 0.286852 0.000000 0.000000 0.000000 1.000000
0.058496 0.444557 0.077392 0.000000 0.000000 0.000000 1.000000
0.414069 0.710125 0.015285 0.000000 0.000000 0.000000 1.000000
0.117608 0.816822 0.994740 0.000000 0.000000 0.000000 1.000000
0.737628 0.611085 0.195560 0.000000 0.000000 0.000000 1.000000
0.034284 0.154976 0.680849 0.000000 0.000000 0.000000 1.000000
0.308652 0.537348 0.047673 0.000000 0.000000 0.000000 1.000000
0.134761 0.878815 0.150230 0.000000 0.000000 0.000000 1.000000
0.821830 0.953279 0.602677 0.000000 0.000000 0.000000 1.000000
0.410898 0.764503 0.723605 0.000000 0.000000 0.000000 1.000000
0.145855 0.849509 0.316705 0.000000 0.000000 0.000000 1.000000
0.616482 0.765558 0.380354 0.000000 0.000000 0.000000 1.000000
0.350478 0.996164 0.463611 0.000000 0.000000 0.000000 1.000000
0.806460 0.231130 0.062882 0.000000 0.000000 0.000000 1.000000
0.817222 0.799590 0.255106 0.000000 0.000000 0.000000 1.000000
0.037159 0.829419 0.768727 0.000000 0.000000 0.000000 1.000000
0.588877 0.966993 0.911679 0.000000 0.000000 0.000000 1.000000
0.378112 0.715574 0.048645 0.000000 0.000000 0.000000 1.000000
0.340390 0.706363 0.229299 0.000000 0.000000 0.000000 1.000000
0.117701 0.294392 0.712923 0.000000 0.000000 0.000000 1.000000
0.085157 0.849834 0.731675 0.000000 0.000000 0.000000 1.000000
0.160911 0.879778 0.975091 0.000000 0.000000 0.000000 1.000000
0.913729 0.305523 0.270824 0.000000 0.000000 0.000000 1.000000
0.745376 0.380405 0.366941 0.000000 0.000000 0.000000 1.000000
0.610016 0.267804 0.569225 0.000000 0.000000 0.000000 1.000000
0.046617 0.912988 0.624396 0.000000 0.000000 0.000000 1.000000
0.026468 0.544116 0.336189 0.000000 0.000000 0.000000 1.000000
0.917250 0.518920 0.438355 0.000000 0.000000 0.000000 1.000000
0.565665 0.645839 0.861234 0.000000 0.000000 0.000000 1.000000
0.873314 0.444733 0.698083 0.000000 0.000000 0.000000 1.000000
0.308978 0.647937 0.533965 0.000000 0.000000 0.000000 1.000000
0.420830 0.936636 0.687368 0.000000 0.000000 0.000000 1.000000
0.936529 0.454368 0.371159 0.000000 0.000000 0.000000 1.000000
0.478974 0.541373 0.168686 0.000000 0.000000 0.000000 1.000000
0.539985 0.229713 0.590067 0.000000 0.000000 0.000000 1.000000
0.960211 0.325816 0.480741 0.000000 0.000000 0.000000 1.000000
0.216795 0.799874 0.051128 0.000000 0.000000 0.000000 1.000000
0.565672 0.194221 0.135100 0.000000 0.000000 0.000000 1.000000
0.282539 0.278299 0.242525 0.000000 0.000000 0.000000 1.000000
0.595553 0.338571 0.435888 0.000000 0.000000 0.000000 1.000000
0.239874 0.939635 0.974957 0.000000 0.000000 0.000000 1.000000
0.667981 0.683750 0.165012 0.000000 0.000000 0.000000 1.000000
0.125563 0.339436 0.986932 0.000000 0.000000 0.000000 1.000000
0.174470 0.428571 0.688053 0.000000 0.000000 0.000000 1.000000
0.341709 0.961389 0.590751 0.000000 0.000000 0.000000 1.000000
0.698732 0.087468 0.166989 0.000000 0.000000 0.000000 1.000000
0.935359 0.169656 0.351388 0.000000 0.000000 0.000000 1.000000
0.644511 0.395101 0.159290 0.000000 0.000000 0.000000 1.000000
0.475959 0.175173 0.298559 0.000000 0.000000 0.000000 1.000000
0.899016 0.662266 0.913902 0.000000 0.000000 0.000000 1.000000
0.097474 0.766945 0.046108 0.000000 0.000000 0.000000 1.000000
0.312819 0.288594 0.015353 0.000000 0.000000 0.000000 1.000000
0.026489 0.934264 0.498470 0.000000 0.000000 0.000000 1.000000
0.479806 0.188905 0.482446 0.000000 0.000000 0.000000 1.000000
0.177297 0.117956 0.029476 0.000000 0.000000 0.000000 1.000000
0.303623 0.263475 0.163326 0.000000 0.000000 0.000000 1.000000
0.107511 0.138729 0.951218 0.000000 0.000000 0.000000 1.000000
0.936306 0.591276 0.776714 0.000000 0.000000 0.000000 1.000000
0.872814 0.559403 0.552274 0.000000 0.000000 0.000000 1.000000
0.498698 0.954120 0.052742 0.000000 0.000000 0.000000 1.000000
0.915540 0.581779 0.340426 0.000000 0.000000 0.000000 1.000000
0.530787 0.442878 0.212655 0.000000 0.000000 0.000000 1.000000
0.843137 0.391387 0.232077 0.000000 0.000000 0.000000 1.000000
0.780296 0.399133 0.562660 0.000000 0.000000 0.000000 1.000000
0.152311 0.835376 0.750525 0.000000 0.000000 0.000000 1.000000
0.836102 0.899744 0.662865 0.000000 0.000000 0.000000 1.000000
0.539262 0.973395 0.864758 0.000000 0.000000 0.000000 1.000000
0.129161 0.603600 0.534409 0.000000 0.000000 0.000000 1.000000
0.271401 0.901326 0.580052 0.000000 0.000000 0.000000 1.000000
0.301932 0.596881 0.049046 0.000000 0.000000 0.000000 1.000000
0.732408 0.804166 0.351931 0.000000 0.000000 0.000000 1.000000
0.090473 0.605530 0.414757 0.000000 0.000000 0.000000 1.000000
0.476971 0.372721 0.831065 0.000000 0.000000 0.000000 1.000000
0.487880 0.630856 0.820478 0.000000 0.000000 0.000000 1.000000
0.522658 0.474753 0.564278 0.000000 0.000000 0.000000 1.000000
0.882119 0.501595 0.724050 0.000000 0.000000 0.000000 1.000000
0.482703 0.520459 0.333747 0.000000 0.000000 0.000000 1.000000
0.789814 0.497299 0.074345 0.000000 0.000000 0.000000 1.000000
0.456641 0.629012 0.328718 0.000000 0.000000 0.000000 1.000000
0.064987 0.987609 0.782669 0.000000 0.000000 0.000000 1.000000
0.773949 0.636369 0.483456 0.000000 0.000000 0.000000 1.000000
0.762489 0.203549 0.128961 0.000000 0.000000 0.000000 1.000000
0.177451 0.010263 0.875850 0.000000 0.000000 0.000000 1.000000
0.018737 0.740447 0.947864 0.000000 0.000000 0.000000 1.000000
0.806120 0.386870 0.847523 0.000000 0.000000 0.000000 1.000000
0.170856 0.948379 0.788737 0.000000 0.000000 0.000000 1.000000
0.101490 0.658903 0.882226 0.000000 0.000000 0.000000 1.000000
0.619692 0.900225 0.240729 0.000000 0.000000 0.000000 1.000000
0.248950 0.275517 0.775419 0.000000 0.000000 0.000000 1.000000
0.559478 0.940544 0.974668 0.000000 0.000000 0.000000 1.000000
0.849057 0.160095 0.404513 0.000000 0.000000 0.000000 1.000000
0.835350 0.135829 0.320725 0.000000 0.000000 0.000000 1.000000
0.490276 0.332764 0.212882 0.000000 0.000000 0.000000 1.000000
0.913127 0.402402 0.604579 0.000000 0.000000 0.000000 1.000000
0.513726 0.409184 0.629779 0.000000 0.000000 0.000000 1.000000
0.270640 0.122082 0.894290 0.000000 0.000000 0.000000 1.000000
0.218093 0.490652 0.257804 0.000000 0.000000 0.000000 1.000000
0.339128 0.790099 0.143095 0.000000 0.000000 0.000000 1.000000
0.331715 0.930511 0.913950 0.000000 0.000000 0.000000 1.000000
0.760866 0.398723 0.354245 0.000000 0.000000 0.000000 1.000000
0.132016 0.832409 0.664653 0.000000 0.000000 0.000000 1.000000
0.913207 0.060386 0.141160 0.000000 0.000000 0.000000 1.000000
0.844247 0.551861 0.878508 0.000000 0.000000 0.000000 1.000000
0.247808 0.772818 0.894146 0.000000 0.000000 0.000000 1.000000
0.298291 0.777086 0.440213 0.000000 0.000000 0.000000 1.000000
0.577410 0.416907 0.047129 0.000000 0.000000 0.000000 1.000000
0.609582 0.132774 0.183223 0.000000 0.000000 0.000000 1.000000
0.660773 0.182826 0.462283 0.000000 0.000000 0.000000 1.000000
0.636657 0.050717 0.111757 0.000000 0.000000 0.000000 1.000000
0.400027 0.676603 0.751624 0.000000 0.000000 0.000000 1.000000
0.455496 0.378233 0.962421 0.000000 0.000000 0.000000 1.000000
0.872695 0.675346 0.966043 0.000000 0.000000 0.000000 1.000000
0.077324 0.064960 0.546296 0.000000 0.000000 0.000000 1.000000
0.114393 0.241852 0.666738 0.000000 0.000000 0.000000 1.000000
0.252515 0.552100 0.173338 0.000000 0.000000 0.000000 1.000000
0.101520 0.451085 0.527047 0.000000 0.000000 0.000000 1.000000
0.576112 0.092499 0.162868 0.000000 0.000000 0.000000 1.000000
0.242001 0.965243 0.586172 0.000000 0.000000 0.000000 1.000000
0.903844 0.485994 0.385263 0.000000 0.000000 0.000000 1.000000
0.381335 0.886056 0.760616 0.000000 0.000000 0.000000 1.000000
0.724643 0.226458 0.848341 0.000000 0.000000 0.000000 1.000000
0.205728 0.673489 0.082344 0.000000 0.000000 0.000000 1.000000
0.258731 0.289191 0.926270 0.000000 0.000000 0.000000 1.000000
0.887295 0.954864 0.000974 0.000000 0.000000 0.000000 1.000000
0.107729 0.170937 0.604841 0.000000 0.000000 0.000000 1.000000
0.377866 0.007855 0.689399 0.000000 0.000000 0.000000 1.000000
0.230600 0.362795 0.594127 0.000000 0.000000 0.000000 1.000000
0.973073 0.250866 0.576216 0.000000 0.000000 0.000000 1.000000
0.754926 0.274070 0.720936 0.000000 0.000000 0.000000 1.000000
0.631830 0.825653 0.536565 0.000000 0.000000 0.000000 1.000000
0.939475 0.889858 0.361679 0.000000 0.000000 0.000000 1.000000
0.166576 0.894309 0.517815 0.000000 0.000000 0.000000 1.000000
0.269366 0.495744 0.694236 0.000000 0.000000 0.000000 1.000000
0.768082 0.541953 0.947617 0.000000 0.000000 0.000000 1.000000
0.630014 0.188258 0.581218 0.000000 0.000000 0.000000 1.000000
0.615711 0.558902 0.873352 0.000000 0.000000 0.000000 1.000000
0.907884 0.359185 0.780885 0.000000 0.000000 0.000000 1.000000
0.129354 0.712270 0.645233 0.000000 0.000000 0.000000 1.000000
0.501852 0.887158 0.278393 0.000000 0.000000 0.000000 1.000000
0.150595 0.166051 0.991178 0.000000 0.000000 0.000000 1.000000
0.892135 0.682044 0.075556 0.000000 0.000000 0.000000 1.000000
0.020795 0.067930 0.716029 0.000000 0.000000 0.000000 1.000000
0.386037 0.171848 0.112601 0.000000 0.000000 0.000000 1.000000
0.795340 0.163755 0.590373 0.000000 0.000000 0.000000 1.000000
0.794571 0.854896 0.575751 0.000000 0.000000 0.000000 1.000000
0.873132 0.682378 0.839016 0.000000 0.000000 0.000000 1.000000
0.284989 0.223360 0.364569 0.000000 0.000000 0.000000 1.000000
0.658860 0.158686 0.698316 0.000000 0.000000 0.000000 1.000000
0.725645 0.953381 0.622322 0.000000 0.000000 0.000000 1.000000
0.824926 0.791098 0.404800 0.000000 0.000000 0.000000 1.000000
0.579130 0.289469 0.032685 0.000000 0.000000 0.000000 1.000000
0.172212 0.697870 0.422447 0.000000 0.000000 0.000000 1.000000
0.208990 0.057934 0.651009 0.000000 0.000000 0.000000 1.000000
0.441369 0.877415 0.159009 0.000000 0.000000 0.000000 1.000000
0.212954 0.686078 0.951425 0.000000 0.000000 0.000000 1.000000
0.481088 0.455809 0.774453 0.000000 0.000000 0.000000 1.000000
0.019887 0.184664 0.777350 0.000000 0.000000 0.000000 1.000000
0.555540 0.117802 0.465434 0.000000 0.000000 0.000000 1.000000
0.192320 0.467940 0.334003 0.000000 0.000000 0.000000 1.000000
0.175396 0.193723 0.531701 0.000000 0.000000 0.000000 1.000000
0.305703 0.302390 0.292882 0.000000 0.000000 0.000000 1.000000
0.527145 0.640735 0.861600 0.000000 0.000000 0.000000 1.000000
0.059434 0.897599 0.344392 0.000000 0.000000 0.000000 1.000000
0.135478 0.366955 0.144278 0.000000 0.000000 0.000000 1.000000
0.529035 0.797974 0.255809 0.000000 0.000000 0.000000 1.000000
0.023999 0.477271 0.460874 0.000000 0.000000 0.000000 1.000000
0.238633 0.832577 0.702970 0.000000 0.000000 0.000000 1.000000
0.270991 0.920557 0.965599 0.000000 0.000000 0.000000 1.000000
0.986318 0.752221 0.932091 0.000000 0.000000 0.000000 1.000000
0.065311 0.100414 0.691846 0.000000 0.000000 0.000000 1.000000
0.724817 0.336817 0.013510 0.000000 0.000000 0.000000 1.000000
0.801240 0.872453 0.755542 0.000000 0.000000 0.000000 1.000000
0.714551 0.413087 0.006312 0.000000 0.000000 0.000000 1.000000
0.644447 0.851503 0.477685 0.000000 0.000000 0.000000 1.000000
0.617641 0.239368 0.530681 0.000000 0.000000 0.000000 1.000000
0.028658 0.289560 0.173123 0.000000 0.000000 0.000000 1.000000
0.087364 0.092852 0.660674 0.000000 0.000000 0.000000 1.000000
0.903275 0.770127 0.431436 0.000000 0.000000 0.000000 1.000000
0.892467 0.776756 0.935283 0.000000 0.000000 0.000000 1.000000
0.839437 0.793517 0.616257 0.000000 0.000000 0.000000 1.000000
0.874699 0.583940 0.026258 0.000000 0.000000 0.000000 1.000000
0.943578 0.602955 0.288516 0.000000 0.000000 0.000000 1.000000
0.633933 0.549064 0.558476 0.000000 0.000000 0.000000 1.000000
0.205446 0.740450 0.509819 0.000000 0.000000 0.000000 1.000000
0.775488 0.315456 0.331371 0.000000 0.000000 0.000000 1.000000
0.272227 0.924100 0.201752 0.000000 0.000000 0.000000 1.000000
0.918278 0.414464 0.477903 0.000000 0.000000 0.000000 1.000000
0.117876 0.394812 0.390756 0.000000 0.000000 0.000000 1.000000
0.613745 0.322470 0.176630 0.000000 0.000000 0.000000 1.000000
0.800379 0.893630 0.492450 0.000000 0.000000 0.000000 1.000000
0.596380 0.180837 0.542274 0.000000 0.000000 0.000000 1.000000
0.045965 0.031169 0.308174 0.000000 0.000000 0.000000 1.000000
0.397129 0.273658 0.945647 0.000000 0.000000 0.000000 1.000000
0.663760 0.848868 0.692394 0.000000 0.000000 0.000000 1.000000
0.519302 0.318631 0.652806 0.000000 0.000000 0.000000 1.000000
0.823677 0.681234 0.713629 0.000000 0.000000 0.000000 1.000000
0.868523 0.234502 0.958443 0.000000 0.000000 0.000000 1.000000
0.611061 0.560006 0.181661 0.000000 0.000000 0.000000 1.000000
0.869933 0.708311 0.464931 0.000000 0.000000 0.000000 1.000000
0.484979 0.507691 0.421416 0.000000 0.000000 0.000000 1.000000
0.854477 0.540790 0.755015 0.000000 0.000000 0.000000 1.000000
0.977447 0.470706 0.699164 0.000000 0.000000 0.000000 1.000000
0.747188 0.186502 0.120055 0.000000 0.000000 0.000000 1.000000
0.995375 0.629385 0.287646 0.000000 0.000000 0.000000 1.000000
0.761590 0.042835 0.459716 0.000000 0.000000 0.000000 1.000000
0.545248 0.563891 0.833127 0.000000 0.000000 0.000000 1.000000
0.142451 0.620416 0.277365 0.000000 0.000000 0.000000 1.000000
0.790928 0.619579 0.588206 0.000000 0.000000 0.000000 1.000000
0.520327 0.017605 0.038886 0.000000 0.000000 0.000000 1.000000
0.229631 0.231983 0.751485 0.000000 0.000000 0.000000 1.000000
0.986818 0.301079 0.662804 0.000000 0.000000 0.000000 1.000000
0.290714 0.351912 0.291898 0.000000 0.000000 0.000000 1.000000
0.586288 0.689452 0.937653 0.000000 0.000000 0.000000 1.000000
0.013022 0.153465 0.771316 0.000000 0.000000 0.000000 1.000000
0.402319 0.101910 0.759279 0.000000 0.000000 0.000000 1.000000
0.440726 0.638370 0.013972 0.000000 0.000000 0.000000 1.000000
0.270966 0.522096 0.924637 0.000000 0.000000 0.000000 1.000000
0.264717 0.021770 0.903401 0.000000 0.000000 0.000000 1.000000
0.859571 0.643395 0.724030 0.000000 0.000000 0.000000 1.000000
0.003297 0.817745 0.996771 0.000000 0.000000 0.000000 1.000000
0.275103 0.325697 0.019801 0.000000 0.000000 0.000000 1.000000
0.799274 0.290357 0.122625 0.000000 0.000000 0.000000 1.000000
0.690992 0.266559 0.255524 0.000000 0.000000 0.000000 1.000000
0.492974 0.569322 0.372162 0.000000 0.000000 0.000000 1.000000
0.689680 0.779646 0.209495 0.000000 0.000000 0.000000 1.000000
0.393481 0.931068 0.526816 0.000000 0.000000 0.000000 1.000000
0.664409 0.845400 0.269647 0.000000 0.000000 0.000000 1.000000
0.272251 0.213125 0.030921 0.000000 0.000000 0.000000 1.000000
0.794742 0.133942 0.626796 0.000000 0.000000 0.000000 1.000000
0.146044 0.938926 0.049428 0.000000 0.000000 0.000000 1.000000
0.515100 0.772420 0.126943 0.000000 0.000000 0.000000 1.000000
0.458775 0.337603 0.572894 0.000000 0.000000 0.000000 1.000000
0.130644 0.693099 0.402522 0.000000 0.000000 0.000000 1.000000
0.637205 0.591189 0.152043 0.000000 0.000000 0.000000 1.000000
0.360371 0.213051 0.851322 0.000000 0.000000 0.000000 1.000000
0.950823 0.155588 0.411439 0.000000 0.000000 0.000000 1.000000
0.777479 0.002180 0.731138 0.000000 0.000000 0.000000 1.000000
0.198883 0.872046 0.171902 0.000000 0.000000 0.000000 1.000000
0.503123 0.955829 0.591135 0.000000 0.000000 0.000000 1.000000
0.194881 0.454467 0.320293 0.000000 0.000000 0.000000 1.000000
0.636254 0.587021 0.057367 0.000000 0.000000 0.000000 1.000000
0.264036 0.101681 0.237500 0.000000 0.000000 0.000000 1.000000
0.280267 0.888012 0.005265 0.000000 0.000000 0.000000 1.000000
0.617243 0.815368 0.478717 0.000000 0.000000 0.000000 1.000000
0.106079 0.504448 0.640873 0.000000 0.000000 0.000000 1.000000
0.862541 0.648398 0.025710 0.000000 0.000000 0.000000 1.000000
0.363869 0.652223 0.852275 0.000000 0.000000 0.000000 1.000000
0.798749 0.004616 0.120119 0.000000 0.000000 0.000000 1.000000
0.195171 0.681963 0.188533 0.000000 0.000000 0.000000 1.000000
0.169056 0.978146 0.849054 0.000000 0.000000 0.000000 1.000000
0.790424 0.160706 0.210955 0.000000 0.000000 0.000000 1.000000
0.843029 0.437655 0.036732 0.000000 0.000000 0.000000 1.000000
0.631087 0.049344 0.914505 0.000000 0.000000 0.000000 1.000000
0.468730 0.526118 0.647415 0.000000 0.000000 0.000000 1.000000
0.421598 0.394583 0.823744 0.000000 0.000000 0.000000 1.000000
0.597098 0.276547 0.940377 0.000000 0.000000 0.000000 1.000000
0.510229 0.537574 0.018022 0.000000 0.000000 0.000000 1.000000
0.238630 0.988914 0.043793 0.000000 0.000000 0.000000 1.000000
0.274664 0.833016 0.714426 0.000000 0.000000 0.000000 1.000000
0.299779 0.572627 0.885208 0.000000 0.000000 0.000000 1.000000
0.964301 0.733173 0.152976 0.000000 0.000000 0.000000 1.000000
0.271797 0.384816 0.763427 0.000000 0.000000 0.000000 1.000000
0.016309 0.679416 0.966988 0.000000 0.000000 0.000000 1.000000
0.345768 0.262958 0.388949 0.000000 0.000000 0.000000 1.000000
0.523984 0.889128 0.082232 0.000000 0.000000 0.000000 1.000000
0.645883 0.159583 0.554767 0.000000 0.000000 0.000000 1.000000
0.865129 0.803864 0.478791 0.000000 0.000000 0.000000 1.000000
0.698060 0.420679 0.008383 0.000000 0.000000 0.000000 1.000000
0.367094 0.923098 0.174315 0.000000 0.000000 0.000000 1.000000
0.495457 0.572698 0.604409 0.000000 0.000000 0.000000 1.000000
0.086143 0.779843 0.528034 0.000000 0.000000 0.000000 1.000000
0.023400 0.560938 0.154772 0.000000 0.000000 0.000000 1.000000
0.847565 0.192072 0.208401 0.000000 0.000000 0.000000 1.000000
0.688733 0.434535 0.995842 0.000000 0.000000 0.000000 1.000000
0.128108 0.134615 0.307302 0.000000 0.000000 0.000000 1.000000
0.834495 0.352400 0.738831 0.000000 0.000000 0.000000 1.000000
0.705672 0.492266 0.335383 0.000000 0.000000 0.000000 1.000000
0.598739 0.179358 0.248311 0.000000 0.000000 0.000000 1.000000
0.262327 0.753094 0.445536 0.000000 0.000000 0.000000 1.000000
0.118047 0.882000 0.412443 0.000000 0.000000 0.000000 1.000000
0.628005 0.287179 0.096391 0.000000 0.000000 0.000000 1.000000
0.413646 0.426024 0.900697 0.000000 0.000000 0.000000 1.000000
0.438117 0.674474 0.070170 0.000000 0.000000 0.000000 1.000000
0.860529 0.592507 0.952978 0.000000 0.000000 0.000000 1.000000
0.556054 0.542534 0.505481 0.000000 0.000000 0.000000 1.000000
0.491659 0.379330 0.566432 0.000000 0.000000 0.000000 1.000000
0.823872 0.888971 0.135795 0.000000 0.000000 0.000000 1.000000
0.386444 0.359996 0.631877 0.000000 0.000000 0.000000 1.000000
0.118188 0.177342 0.437760 0.000000 0.000000 0.000000 1.000000
0.174704 0.417613 0.623669 0.000000 0.000000 0.000000 1.000000
0.851475 0.969026 0.684646 0.000000 0.000000 0.000000 1.000000
0.932507 0.087089 0.360791 0.000000 0.000000 0.000000 1.000000
0.953583 0.988665 0.447339 0.000000 0.000000 0.000000 1.000000
0.472176 0.354356 0.796443 0.000000 0.000000 0.000000 1.000000
0.824000 0.996743 0.553776 0.000000 0.000000 0.000000 1.000000
0.424783 0.696372 0.979209 0.000000 0.000000 0.000000 1.000000
0.911088 0.696677 0.029707 0.000000 0.000000 0.000000 1.000000
0.450858 0.230406 0.386706 0.000000 0.000000 0.000000 1.000000
0.124428 0.002690 0.705202 0.000000 0.000000 0.000000 1.000000
0.744560 0.802273 0.094000 0.000000 0.000000 0.000000 1.000000
0.481591 0.661630 0.937575 0.000000 0.000000 0.000000 1.000000
0.640041 0.559325 0.755987 0.000000 0.000000 0.000000 1.000000
0.909579 0.556767 0.591695 0.000000 0.000000 0.000000 1.000000
0.433350 0.707754 0.077393 0.000000 0.000000 0.000000 1.000000
0.193642 0.539598 0.393233 0.000000 0.000000 0.000000 1.000000
0.252677 0.079424 0.327543 0.000000 0.000000 0.000000 1.000000
0.566802 0.990530 0.708634 0.000000 0.000000 0.000000 1.000000
0.426594 0.765427 0.409243 0.000000 0.000000 0.000000 1.000000
0.571338 0.533994 0.925911 0.000000 0.000000 0.000000 1.000000
0.079155 0.817382 0.051285 0.000000 0.000000 0.000000 1.000000
0.046058 0.091038 0.529423 0.000000 0.000000 0.000000 1.000000
0.494245 0.089862 0.698980 0.000000 0.000000 0.000000 1.000000
0.827602 0.253809 0.662264 0.000000 0.000000 0.000000 1.000000
0.668265 0.688135 0.364475 0.000000 0.000000 0.000000 1.000000
0.626541 0.969155 0.146556 0.000000 0.000000 0.000000 1.000000
0.609916 0.783598 0.758576 0.000000 0.000000 0.000000 1.000000
0.803351 0.491295 0.138510 0.000000 0.000000 0.000000 1.000000
0.245785 0.931101 0.881834 0.000000 0.000000 0.000000 1.000000
0.822658 0.436909 0.882096 0.000000 0.000000 0.000000 1.000000
0.777272 0.847828 0.462280 0.000000 0.000000 0.000000 1.000000
0.586839 0.976753 0.108801 0.000000 0.000000 0.000000 1.000000
0.412897 0.278687 0.639778 0.000000 0.000000 0.000000 1.000000
0.910003 0.355403 0.237072 0.000000 0.000000 0.000000 1.000000
0.396027 0.798465 0.339591 0.000000 0.000000 0.000000 1.000000
0.981747 0.549557 0.169819 0.000000 0.000000 0.000000 1.000000
0.241649 0.396799 0.128464 0.000000 0.000000 0.000000 1.000000
0.732017 0.615678 0.111485 0.000000 0.000000 0.000000 1.000000
0.591859 0.677179 0.582744 0.000000 0.000000 0.000000 1.000000
0.915274 0.754357 0.211186 0.000000 0.000000 0.000000 1.000000
0.516239 0.464458 0.861858 0.000000 0.000000 0.000000 1.000000
0.015113 0.863404 0.233713 0.000000 0.000000 0.000000 1.000000
0.460288 0.624978 0.955750 0.000000 0.000000 0.000000 1.000000
0.769172 0.753586 0.907609 0.000000 0.000000 0.000000 1.000000
0.863419 0.983181 0.747004 0.000000 0.000000 0.000000 1.000000
0.788278 0.275657 0.624212 0.000000 0.000000 0.000000 1.000000
0.346565 0.273631 0.654859 0.000000 0.000000 0.000000 1.000000
0.088028 0.427730 0.000345 0.000000 0.000000 0.000000 1.000000
0.820777 0.442719 0.698203 0.000000 0.000000 0.000000 1.000000
0.068732 0.329486 0.031011 0.000000 0.000000 0.000000 1.000000
0.242950 0.499057 0.719809 0.000000 0.000000 0.000000 1.000000
0.480382 0.048514 0.384631 0.000000 0.000000 0.000000 1.000000
0.759486 0.999610 0.297226 0.000000 0.000000 0.000000 1.000000
0.406716 0.149326 0.090135 0.000000 0.000000 0.000000 1.000000
0.665345 0.791106 0.559133 0.000000 0.000000 0.000000 1.000000
0.456053 0.634270 0.413963 0.000000 0.000000 0.000000 1.000000
0.334086 0.812369 0.225576 0.000000 0.000000 0.000000 1.000000
0.106292 0.553288 0.474817 0.000000 0.000000 0.000000 1.000000
0.154965 0.233510 0.609704 0.000000 0.000000 0.000000 1.000000
0.696919 0.129176 0.114063 0.000000 0.000000 0.000000 1.000000
0.146234 0.675916 0.718298 0.000000 0.000000 0.000000 1.000000
0.029945 0.531733 0.776217 0.000000 0.000000 0.000000 1.000000
0.321319 0.174262 0.786073 0.000000 0.000000 0.000000 1.000000
0.330331 0.004532 0.693897 0.000000 0.000000 0.000000 1.000000
0.167064 0.361210 0.215878 0.000000 0.000000 0.000000 1.000000
0.518882 0.172357 0.341488 0.000000 0.000000 0.000000 1.000000
0.911284 0.410874 0.962177 0.000000 0.000000 0.000000 1.000000
0.106661 0.856421 0.584698 0.000000 0.000000 0.000000 1.000000
0.329139 0.096410 0.222702 0.000000 0.000000 0.000000 1.000000
0.390304 0.135869 0.363152 0.000000 0.000000 0.000000 1.000000
0.457240 0.869672 0.049001 0.000000 0.000000 0.000000 1.000000
0.477912 0.127339 0.214729 0.000000 0.000000 0.000000 1.000000
0.238823 0.435353 0.074365 0.000000 0.000000 0.000000 1.000000
0.018861 0.278209 0.799456 0.000000 0.000000 0.000000 1.000000
0.877022 0.183878 0.388640 0.000000 0.000000 0.000000 1.000000
0.249700 0.976118 0.300954 0.000000 0.000000 0.000000 1.000000
0.708345 0.912712 0.792273 0.000000 0.000000 0.000000 1.000000
0.813240 0.686313 0.130476 0.000000 0.000000 0.000000 1.000000
0.736730 0.617967 0.111332 0.000000 0.000000 0.000000 1.000000
0.965804 0.523678 0.388231 0.000000 0.000000 0.000000 1.000000
0.037868 0.372212 0.010148 0.000000 0.000000 0.000000 1.000000
0.524039 0.981591 0.090043 0.000000 0.000000 0.000000 1.000000
0.229151 0.956561 0.705276 0.000000 0.000000 0.000000 1.000000
0.601482 0.662530 0.178715 0.000000 0.000000 0.000000 1.000000
0.841211 0.705286 0.111417 0.000000 0.000000 0.000000 1.000000
0.261176 0.330170 0.123076 0.000000 0.000000 0.000000 1.000000
0.293334 0.411612 0.958805 0.000000 0.000000 0.000000 1.000000
0.245694 0.456438 0.985202 0.000000 0.000000 0.000000 1.000000
0.999524 0.553485 0.838011 0.000000 0.000000 0.000000 1.000000
0.857111 0.045201 0.514101 0.000000 0.000000 0.000000 1.000000
0.458682 0.484372 0.227369 0.000000 0.000000 0.000000 1.000000
0.735448 0.739965 0.912226 0.000000 0.000000 0.000000 1.000000
0.136725 0.652531 0.442551 0.000000 0.000000 0.000000 1.000000
0.326008 0.548789 0.509284 0.000000 0.000000 0.000000 1.000000
0.893965 0.820776 0.735846 0.000000 0.000000 0.000000 1.000000
0.807786 0.309607 0.962805 0.000000 0.000000 0.000000 1.000000
0.915772 0.163141 0.433296 0.000000 0.000000 0.000000 1.000000
0.618090 0.590943 0.536338 0.000000 0.000000 0.000000 1.000000
0.054809 0.569087 0.561479 0.000000 0.000000 0.000000 1.000000
0.255289 0.918971 0.288702 0.000000 0.000000 0.000000 1.000000
0.404931 0.840658 0.424652 0.000000 0.000000 0.000000 1.000000
0.766871 0.140237 0.896464 0.000000 0.000000 0.000000 1.000000
0.663959 0.557084 0.842708 0.000000 0.000000 0.000000 1.000000
0.888279 0.361989 0.450516 0.000000 0.000000 0.000000 1.000000
0.489059 0.767583 0.685299 0.000000 0.000000 0.000000 1.000000
0.578631 0.964823 0.941384 0.000000 0.000000 0.000000 1.000000
0.582526 0.364959 0.213697 0.000000 0.000000 0.000000 1.000000
0.727065 0.817154 0.515820 0.000000 0.000000 0.000000 1.000000
0.060601 0.196347 0.286931 0.000000 0.000000 0.000000 1.000000
0.591885 0.105376 0.715238 0.000000 0.000000 0.000000 1.000000
0.786190 0.418789 0.927272 0.000000 0.000000 0.000000 1.000000
0.028293 0.398956 0.494217 0.000000 0.000000 0.000000 1.000000
0.305487 0.366498 0.898392 0.000000 0.000000 0.000000 1.000000
0.652298 0.171858 0.012566 0.000000 0.000000 0.000000 1.000000
0.087750 0.619671 0.754106 0.000000 0.000000 0.000000 1.000000
0.367470 0.609466 0.913318 0.000000 0.000000 0.000000 1.000000
0.963436 0.489130 0.025963 0.000000 0.000000 0.000000 1.000000
0.279895 0.706492 0.951038 0.000000 0.000000 0.000000 1.000000
0.855041 0.098669 0.591740 0.000000 0.000000 0.000000 1.000000
0.196516 0.204493 0.498658 0.000000 0.000000 0.000000 1.000000
0.390848 0.356452 0.201367 0.000000 0.000000 0.000000 1.000000
0.811713 0.598955 0.974460 0.000000 0.000000 0.000000 1.000000
0.993970 0.526315 0.771727 0.000000 0.000000 0.000000 1.000000
0.300808 0.822603 0.751639 0.000000 0.000000 0.000000 1.000000
0.875880 0.075379 0.934859 0.000000 0.000000 0.000000 1.000000
0.260505 0.355228 0.509701 0.000000 0.000000 0.000000 1.000000
0.327784 0.222806 0.705769 0.000000 0.000000 0.000000 1.000000
0.750981 0.374338 0.400493 0.000000 0.000000 0.000000 1.000000
0.620581 0.264084 0.624141 0.000000 0.000000 0.000000 1.000000
0.809168 0.224216 0.874497 0.000000 0.000000 0.000000 1.000000
0.622304 0.494409 0.056140 0.000000 0.000000 0.000000 1.000000
0.502325 0.281347 0.099504 0.000000 0.000000 0.000000 1.000000
0.887250 0.521339 0.199465 0.000000 0.000000 0.000000 1.000000
0.682129 0.394433 0.799128 0.000000 0.000000 0.000000 1.000000
0.278213 0.273543 0.911185 0.000000 0.000000 0.000000 1.000000
0.165676 0.415942 0.296372 0.000000 0.000000 0.000000 1.000000
0.689073 0.092807 0.545194 0.000000 0.000000 0.000000 1.000000
0.837823 0.197132 0.001490 0.000000 0.000000 0.000000 1.000000
0.672049 0.391538 0.033066 0.000000 0.000000 0.000000 1.000000
0.406864 0.479174 0.698159 0.000000 0.000000 0.000000 1.000000
0.079415 0.331738 0.330380 0.000000 0.000000 0.000000 1.000000
0.866907 0.050798 0.453322 0.000000 0.000000 0.000000 1.000000
0.891644 0.275997 0.944408 0.000000 0.000000 0.000000 1.000000
0.424033 0.415725 0.272027 0.000000 0.000000 0.000000 1.000000
0.148594 0.801433 0.528629 0.000000 0.000000 0.000000 1.000000
0.989618 0.548506 0.690511 0.000000 0.000000 0.000000 1.000000
0.854711 0.312551 0.336671 0.000000 0.000000 0.000000 1.000000
0.046747 0.429170 0.538990 0.000000 0.000000 0.000000 1.000000
0.162412 0.088918 0.191662 0.000000 0.000000 0.000000 1.000000
0.876264 0.411107 0.871904 0.000000 0.000000 0.000000 1.000000
0.285545 0.335920 0.985713 0.000000 0.000000 0.000000 1.000000
0.434321 0.935154 0.926449 0.000000 0.000000 0.000000 1.000000
0.170754 0.520429 0.882976 0.000000 0.000000 0.000000 1.000000
0.095519 0.378494 0.861967 0.000000 0.000000 0.000000 1.000000
0.594218 0.666792 0.357772 0.000000 0.000000 0.000000 1.000000
0.905651 0.708351 0.161600 0.000000 0.000000 0.000000 1.000000
0.916471 0.740777 0.320576 0.000000 0.000000 0.000000 1.000000
0.519261 0.628192 0.619894 0.000000 0.000000 0.000000 1.000000
0.788040 0.019404 0.713668 0.000000 0.000000 0.000000 1.000000
0.347739 0.150509 0.309437 0.000000 0.000000 0.000000 1.000000
0.273343 0.351608 0.414233 0.000000 0.000000 0.000000 1.000000
0.015003 0.633550 0.180190 0.000000 0.000000 0.000000 1.000000
0.268305 0.084682 0.162100 0.000000 0.000000 0.000000 1.000000
0.645680 0.041578 0.891712 0.000000 0.000000 0.000000 1.000000
0.311956 0.313918 0.981618 0.000000 0.000000 0.000000 1.000000
0.165834 0.317629 0.566095 0.000000 0.000000 0.000000 1.000000
0.941570 0.860441 0.488016 0.000000 0.000000 0.000000 1.000000
0.634678 0.338421 0.563926 0.000000 0.000000 0.000000 1.000000
0.383476 0.321639 0.786060 0.000000 0.000000 0.000000 1.000000
0.769634 0.656334 0.415096 0.000000 0.000000 0.000000 1.000000
0.570602 0.728066 0.981773 0.000000 0.000000 0.000000 1.000000
0.618788 0.230492 0.181478 0.000000 0.000000 0.000000 1.000000
0.075596 0.057194 0.621001 0.000000 0.000000 0.000000 1.000000
0.789153 0.455911 0.895376 0.000000 0.000000 0.000000 1.000000
0.596381 0.275079 0.466695 0.000000 0.000000 0.000000 1.000000
0.318209 0.513686 0.192644 0.000000 0.000000 0.000000 1.000000
0.800860 0.367221 0.380352 0.000000 0.000000 0.000000 1.000000
0.834405 0.230420 0.969131 0.000000 0.000000 0.000000 1.000000
0.149985 0.129212 0.161271 0.000000 0.000000 0.000000 1.000000
0.886165 0.616415 0.514438 0.000000 0.000000 0.000000 1.000000
0.161911 0.258043 0.065212 0.000000 0.000000 0.000000 1.000000
0.036742 0.632699 0.680077 0.000000 0.000000 0.000000 1.000000
0.011803 0.764987 0.176273 0.000000 0.000000 0.000000 1.000000
0.872325 0.295424 0.267595 0.000000 0.000000 0.000000 1.000000
0.134166 0.165731 0.764164 0.000000 0.000000 0.000000 1.000000
0.545879 0.493012 0.828752 0.000000 0.000000 0.000000 1.000000
0.112872 0.171140 0.784060 0.000000 0.000000 0.000000 1.000000
0.392549 0.758966 0.894591 0.000000 0.000000 0.000000 1.000000
0.428320 0.573119 0.723832 0.000000 0.000000 0.000000 1.000000
0.780046 0.353498 0.098886 0.000000 0.000000 0.000000 1.000000
0.189214 0.880481 0.235941 0.000000 0.000000 0.000000 1.000000
0.330746 0.898940 0.151052 0.000000 0.000000 0.000000 1.000000
0.337373 0.082981 0.886380 0.000000 0.000000 0.000000 1.000000
0.161887 0.607190 0.081213 0.000000 0.000000 0.000000 1.000000
0.253165 0.429171 0.676915 0.000000 0.000000 0.000000 1.000000
0.562050 0.822238 0.212196 0.000000 0.000000 0.000000 1.000000
0.802050 0.469835 0.100084 0.000000 0.000000 0.000000 1.000000
0.787017 0.092867 0.756777 0.000000 0.000000 0.000000 1.000000
0.565301 0.434318 0.491101 0.000000 0.000000 0.000000 1.000000
0.996550 0.740730 0.300780 0.000000 0.000000 0.000000 1.000000
0.871458 0.662328 0.681631 0.000000 0.000000 0.000000 1.000000
0.505233 0.434755 0.087388 0.000000 0.000000 0.000000 1.000000
0.254365 0.827053 0.647334 0.000000 0.000000 0.000000 1.000000
0.327136 0.085798 0.243836 0.000000 0.000000 0.000000 1.000000
0.460359 0.648387 0.716820 0.000000 0.000000 0.000000 1.000000
0.735644 0.993220 0.499014 0.000000 0.000000 0.000000 1.000000
0.065279 0.789289 0.930619 0.000000 0.000000 0.000000 1.000000
0.710315 0.704471 0.961826 0.000000 0.000000 0.000000 1.000000
0.090080 0.654667 0.965179 0.000000 0.000000 0.000000 1.000000
0.079161 0.192956 0.759864 0.000000 0.000000 0.000000 1.000000
0.067121 0.267861 0.311070 0.000000 0.000000 0.000000 1.000000
0.640895 0.700482 0.919159 0.000000 0.000000 0.000000 1.000000
0.408778 0.037719 0.414599 0.000000 0.000000 0.000000 1.000000
0.601106 0.429053 0.742389 0.000000 0.000000 0.000000 1.000000
0.266816 0.140304 0.308915 0.000000 0.000000 0.000000 1.000000
0.721122 0.990276 0.212746 0.000000 0.000000 0.000000 1.000000
0.854228 0.625784 0.264423 0.000000 0.000000 0.000000 1.000000
0.517921 0.150695 0.924032 0.000000 0.000000 0.000000 1.000000
0.800217 0.643441 0.335604 0.000000 0.000000 0.000000 1.000000
0.073915 0.994747 0.036148 0.000000 0.000000 0.000000 1.000000
0.410391 0.254700 0.567960 0.000000 0.000000 0.000000 1.000000
0.545757 0.037229 0.106681 0.000000 0.000000 0.000000 1.000000
0.262426 0.527652 0.878119 0.000000 0.000000 0.000000 1.000000
0.699048 0.631310 0.859729 0.000000 0.000000 0.000000 1.000000
0.121573 0.015633 0.480655 0.000000 0.000000 0.000000 1.000000
0.631070 0.856800 0.682777 0.000000 0.000000 0.000000 1.000000
0.061598 0.175487 0.541799 0.000000 0.000000 0.000000 1.000000
0.510896 0.714245 0.674245 0.000000 0.000000 0.000000 1.000000
0.377510 0.096598 0.264602 0.000000 0.000000 0.000000 1.000000
0.554892 0.081657 0.520449 0.000000 0.000000 0.000000 1.000000
0.537030 0.770225 0.016192 0.000000 0.000000 0.000000 1.000000
0.836414 0.376320 0.536387 0.000000 0.000000 0.000000 1.000000
0.041697 0.252785 0.829459 0.000000 0.000000 0.000000 1.000000
0.387266 0.444511 0.763470 0.000000 0.000000 0.000000 1.000000
0.640635 0.240029 0.204014 0.000000 0.000000 0.000000 1.000000
0.248733 0.691425 0.935039 0.000000 0.000000 0.000000 1.000000
0.363904 0.358599 0.862687 0.000000 0.000000 0.000000 1.000000
0.060256 0.679273 0.641095 0.000000 0.000000 0.000000 1.000000
0.666329 0.871597 0.986367 0.000000 0.000000 0.000000 1.000000
0.660516 0.653414 0.453773 0.000000 0.000000 0.000000 1.000000
0.988052 0.252165 0.852294 0.000000 0.000000 0.000000 1.000000
0.871322 0.574936 0.060269 0.000000 0.000000 0.000000 1.000000
0.769828 0.575025 0.813843 0.000000 0.000000 0.000000 1.000000
0.572402 0.156952 0.572021 0.000000 0.000000 0.000000 1.000000
0.772549 0.835099 0.028308 0.000000 0.000000 0.000000 1.000000
0.499722 0.191364 0.279654 0.000000 0.000000 0.000000 1.000000
0.434154 0.000770 0.747463 0.000000 0.000000 0.000000 1.000000
0.728256 0.220504 0.298420 0.000000 0.000000 0.000000 1.000000
0.941290 0.869778 0.254223 0.000000 0.000000 0.000000 1.000000
0.752369 0.552083 0.695382 0.000000 0.000000 0.000000 1.000000
0.034168 0.817294 0.658683 0.000000 0.000000 0.000000 1.000000
0.088417 0.788045 0.937607 0.000000 0.000000 0.000000 1.000000
0.709519 0.991546 0.023136 0.000000 0.000000 0.000000 1.000000
0.450146 0.847933 0.094367 0.000000 0.000000 0.000000 1.000000
0.054185 0.001923 0.053014 0.000000 0.000000 0.000000 1.000000
0.282097 0.256468 0.226860 0.000000 0.000000 0.000000 1.000000
0.265874 0.048517 0.405772 0.000000 0.000000 0.000000 1.000000
0.468301 0.977157 0.539011 0.000000 0.000000 0.000000 1.000000
0.208477 0.796529 0.214016 0.000000 0.000000 0.000000 1.000000
0.095852 0.245088 0.161801 0.000000 0.000000 0.000000 1.000000
0.526208 0.039485 0.321136 0.000000 0.000000 0.000000 1.000000
0.506388 0.438240 0.688955 0.000000 0.000000 0.000000 1.000000
0.357159 0.517978 0.944338 0.000000 0.000000 0.000000 1.000000
0.400722 0.092351 0.293924 0.000000 0.000000 0.000000 1.000000
0.874905 0.078573 0.046058 0.000000 0.000000 0.000000 1.000000
0.078093 0.202228 0.312067 0.000000 0.000000 0.000000 1.000000
0.542990 0.284385 0.529773 0.000000 0.000000 0.000000 1.000000
0.829652 0.636808 0.923649 0.000000 0.000000 0.000000 1.000000
0.894495 0.961996 0.846376 0.000000 0.000000 0.000000 1.000000
0.060940 0.891371 0.603615 0.000000 0.000000 0.000000 1.000000
0.313534 0.521857 0.521259 0.000000 0.000000 0.000000 1.000000
0.942413 0.852115 0.199502 0.000000 0.000000 0.000000 1.000000
0.424578 0.629850 0.069975 0.000000 0.000000 0.000000 1.000000
0.628424 0.755974 0.146304 0.000000 0.000000 0.000000 1.000000
0.192672 0.783237 0.880991 0.000000 0.000000 0.000000 1.000000
0.989607 0.598802 0.635711 0.000000 0.000000 0.000000 1.000000
0.410813 0.537082 0.714389 0.000000 0.000000 0.000000 1.000000
0.782260 0.267002 0.751598 0.000000 0.000000 0.000000 1.000000
0.364868 0.514040 0.823195 0.000000 0.000000 0.000000 1.000000
0.015885 0.279816 0.229659 0.000000 0.000000 0.000000 1.000000
0.301413 0.268802 0.533224 0.000000 0.000000 0.000000 1.000000
0.595466 0.055218 0.390249 0.000000 0.000000 0.000000 1.000000
0.059743 0.430020 0.808133 0.000000 0.000000 0.000000 1.000000
0.384119 0.613921 0.266527 0.000000 0.000000 0.000000 1.000000
0.843627 0.872367 0.085245 0.000000 0.000000 0.000000 1.000000
0.872781 0.170046 0.176427 0.000000 0.000000 0.000000 1.000000
0.207904 0.765964 0.953040 0.000000 0.000000 0.000000 1.000000
0.770694 0.099094 0.641485 0.000000 0.000000 0.000000 1.000000
0.785692 0.131306 0.846926 0.000000 0.000000 0.000000 1.000000
0.778401 0.339737 0.489388 0.000000 0.000000 0.000000 1.000000
0.053204 0.598912 0.188890 0.000000 0.000000 0.000000 1.000000
0.211332 0.438832 0.278282 0.000000 0.000000 0.000000 1.000000
0.972956 0.517797 0.345371 0.000000 0.000000 0.000000 1.000000
0.664034 0.059037 0.639665 0.000000 0.000000 0.000000 1.000000
0.670168 0.829426 0.314813 0.000000 0.000000 0.000000 1.000000
0.187600 0.730785 0.900064 0.000000 0.000000 0.000000 1.000000
0.518295 0.401944 0.726989 0.000000 0.000000 0.000000 1.000000
0.561841 0.172247 0.681567 0.000000 0.000000 0.000000 1.000000
0.650927 0.366198 0.398913 0.000000 0.000000 0.000000 1.000000
0.291935 0.799826 0.981073 0.000000 0.000000 0.000000 1.000000
0.615830 0.259665 0.258024 0.000000 0.000000 0.000000 1.000000
0.967480 0.640149 0.880281 0.000000 0.000000 0.000000 1.000000
0.332901 0.248230 0.175043 0.000000 0.000000 0.000000 1.000000
0.842802 0.945476 0.442620 0.000000 0.000000 0.000000 1.000000
0.249484 0.646997 0.940374 0.000000 0.000000 0.000000 1.000000
0.119952 0.961364 0.459327 0.000000 0.000000 0.000000 1.000000
0.871925 0.169113 0.878182 0.000000 0.000000 0.000000 1.000000
0.777999 0.329062 0.360815 0.000000 0.000000 0.000000 1.000000
0.038403 0.910251 0.003283 0.000000 0.000000 0.000000 1.000000
0.390429 0.692559 0.151138 0.000000 0.000000 0.000000 1.000000
0.369644 0.780711 0.972028 0.000000 0.000000 0.000000 1.000000
0.024917 0.157248 0.172792 0.000000 0.000000 0.000000 1.000000
0.909241 0.462640 0.715166 0.000000 0.000000 0.000000 1.000000
0.723583 0.622904 0.526779 0.000000 0.000000 0.000000 1.000000
0.699606 0.826122 0.687331 0.000000 0.000000 0.000000 1.000000
0.015248 0.084972 0.681438 0.000000 0.000000 0.000000 1.000000
0.061352 0.428048 0.917219 0.000000 0.000000 0.000000 1.000000
0.311690 0.608328 0.244701 0.000000 0.000000 0.000000 1.000000
0.969934 0.325414 0.312865 0.000000 0.000000 0.000000 1.000000
0.184718 0.866307 0.796717 0.000000 0.000000 0.000000 1.000000
0.044288 0.282940 0.315379 0.000000 0.000000 0.000000 1.000000
0.601161 0.327608 0.052375 0.000000 0.000000 0.000000 1.000000
0.471017 0.185443 0.073969 0.000000 0.000000 0.000000 1.000000
0.269941 0.272264 0.362543 0.000000 0.000000 0.000000 1.000000
0.708640 0.928666 0.654184 0.000000 0.000000 0.000000 1.000000
0.274820 0.719156 0.977627 0.000000 0.000000 0.000000 1.000000
0.445006 0.984799 0.691260 0.000000 0.000000 0.000000 1.000000
0.480940 0.783057 0.345112 0.000000 0.000000 0.000000 1.000000
0.840118 0.807772 0.816111 0.000000 0.000000 0.000000 1.000000
0.891841 0.626280 0.618895 0.000000 0.000000 0.000000 1.000000
0.808055 0.989256 0.565295 0.000000 0.000000 0.000000 1.000000
0.477717 0.621817 0.751755 0.000000 0.000000 0.000000 1.000000
0.238486 0.782167 0.883361 0.000000 0.000000 0.000000 1.000000
0.581391 0.881333 0.797715 0.000000 0.000000 0.000000 1.000000
0.502178 0.649242 0.177782 0.000000 0.000000 0.000000 1.000000
0.727236 0.189759 0.222864 0.000000 0.000000 0.000000 1.000000
0.212445 0.458417 0.969325 0.000000 0.000000 0.000000 1.000000
0.449830 0.444001 0.541950 0.000000 0.000000 0.000000 1.000000
0.120271 0.823071 0.373273 0.000000 0.000000 0.000000 1.000000
0.148009 0.174025 0.829325 0.000000 0.000000 0.000000 1.000000
0.055016 0.174417 0.775508 0.000000 0.000000 0.000000 1.000000
0.706434 0.180686 0.785752 0.000000 0.000000 0.000000 1.000000
0.678023 0.711883 0.985181 0.000000 0.000000 0.000000 1.000000
0.375785 0.575819 0.341649 0.000000 0.000000 0.000000 1.000000
0.704237 0.164820 0.355668 0.000000 0.000000 0.000000 1.000000
0.938390 0.768133 0.963778 0.000000 0.000000 0.000000 1.000000
0.284999 0.731279 0.223504 0.000000 0.000000 0.000000 1.000000
0.781203 0.870891 0.756521 0.000000 0.000000 0.000000 1.000000
0.821262 0.385305 0.516980 0.000000 0.000000 0.000000 1.000000
0.984206 0.575650 0.151908 0.000000 0.000000 0.000000 1.000000
0.458886 0.598795 0.570902 0.000000 0.000000 0.000000 1.000000
0.350677 0.972497 0.683753 0.000000 0.000000 0.000000 1.000000
0.568289 0.260451 0.879715 0.000000 0.000000 0.000000 1.000000
0.045835 0.298272 0.900437 0.000000 0.000000 0.000000 1.000000
0.065867 0.576997 0.603540 0.000000 0.000000 0.000000 1.000000
0.593643 0.067826 0.847005 0.000000 0.000000 0.000000 1.000000
0.143111 0.070354 0.402785 0.000000 0.000000 0.000000 1.000000
0.310000 0.662947 0.420151 0.000000 0.000000 0.000000 1.000000
0.442010 0.956653 0.654618 0.000000 0.000000 0.000000 1.000000
0.114313 0.503649 0.826058 0.000000 0.000000 0.000000 1.000000
0.687063 0.044067 0.822429 0.000000 0.000000 0.000000 1.000000
0.788723 0.296305 0.133054 0.000000 0.000000 0.000000 1.000000
0.335287 0.733677 0.549628 0.000000 0.000000 0.000000 1.000000
0.054139 0.044753 0.697428 0.000000 0.000000 0.000000 1.000000
0.623926 0.671538 0.185408 0.000000 0.000000 0.000000 1.000000
0.349943 0.707486 0.595911 0.000000 0.000000 0.000000 1.000000
0.449894 0.112970 0.933001 0.000000 0.000000 0.000000 1.000000
0.446940 0.079970 0.356508 0.000000 0.000000 0.000000 1.000000
0.086338 0.669985 0.460805 0.000000 0.000000 0.000000 1.000000
0.330072 0.334125 0.183512 0.000000 0.000000 0.000000 1.000000
0.924533 0.456351 0.527360 0.000000 0.000000 0.000000 1.000000
0.876496 0.301829 0.249423 0.000000 0.000000 0.000000 1.000000
0.487433 0.576225 0.059002 0.000000 0.000000 0.000000 1.000000
0.165581 0.285076 0.498627 0.000000 0.000000 0.000000 1.000000
0.679837 0.196081 0.962345 0.000000 0.000000 0.000000 1.000000
0.768820 0.203057 0.674450 0.000000 0.000000 0.000000 1.000000
0.873250 0.755860 0.395004 0.000000 0.000000 0.000000 1.000000
0.509690 0.400698 0.446576 0.000000 0.000000 0.000000 1.000000
0.584311 0.878479 0.121052 0.000000 0.000000 0.000000 1.000000
0.141855 0.880068 0.272395 0.000000 0.000000 0.000000 1.000000
0.952992 0.336634 0.611459 0.000000 0.000000 0.000000 1.000000
0.724397 0.562303 0.403733 0.000000 0.000000 0.000000 1.000000
0.487531 0.929215 0.581414 0.000000 0.000000 0.000000 1.000000
0.134739 0.263241 0.698117 0.000000 0.000000 0.000000 1.000000
0.214003 0.562371 0.380090 0.000000 0.000000 0.000000 1.000000
0.988869 0.315098 0.134719 0.000000 0.000000 0.000000 1.000000
0.033825 0.285883 0.090319 0.000000 0.000000 0.000000 1.000000
0.317818 0.725664 0.192305 0.000000 0.000000 0.000000 1.000000
0.021792 0.883677 0.939107 0.000000 0.000000 0.000000 1.000000
0.016882 0.640812 0.826416 0.000000 0.000000 0.000000 1.000000
0.601477 0.641507 0.571572 0.000000 0.000000 0.000000 1.000000
0.872558 0.276111 0.260091 0.000000 0.000000 0.000000 1.000000
0.716647 0.990814 0.941554 0.000000 0.000000 0.000000 1.000000
0.933523 0.158511 0.225961 0.000000 0.000000 0.000000 1.000000
0.080756 0.255858 0.973908 0.000000 0.000000 0.000000 1.000000
0.917244 0.541914 0.171562 0.000000 0.000000 0.000000 1.000000
0.467760 0.173698 0.691556 0.000000 0.000000 0.000000 1.000000
0.467572 0.925778 0.252408 0.000000 0.000000 0.000000 1.000000
0.595318 0.625269 0.706143 0.000000 0.000000 0.000000 1.000000
0.795188 0.129049 0.840715 0.000000 0.000000 0.000000 1.000000
0.594014 0.819308 0.337959 0.000000 0.000000 0.000000 1.000000
0.751420 0.038136 0.653103 0.000000 0.000000 0.000000 1.000000
0.386875 0.610806 0.618218 0.000000 0.000000 0.000000 1.000000
0.527114 0.327303 0.121698 0.000000 0.000000 0.000000 1.000000
0.171297 0.799201 0.025053 0.000000 0.000000 0.000000 1.000000
0.385450 0.395162 0.962032 0.000000 0.000000 0.000000 1.000000
0.793553 0.842049 0.690443 0.000000 0.000000 0.000000 1.000000
0.213768 0.865821 0.903351 0.000000 0.000000 0.000000 1.000000
0.631252 0.409193 0.713502 0.000000 0.000000 0.000000 1.000000
0.641232 0.211188 0.333849 0.000000 0.000000 0.000000 1.000000
0.501060 0.646717 0.385645 0.000000 0.000000 0.000000 1.000000
0.821254 0.549277 0.117443 0.000000 0.000000 0.000000 1.000000
0.519777 0.386219 0.434684 0.000000 0.000000 0.000000 1.000000
0.583007 0.921966 0.885904 0.000000 0.000000 0.000000 1.000000
0.992621 0.116200 0.164383 0.000000 0.000000 0.000000 1.000000
0.865814 0.249829 0.798523 0.000000 0.000000 0.000000 1.000000
0.514343 0.803440 0.540197 0.000000 0.000000 0.000000 1.000000
0.933939 0.457452 0.878342 0.000000 0.000000 0.000000 1.000000
0.777967 0.254265 0.439528 0.000000 0.000000 0.000000 1.000000
0.609245 0.721460 0.702130 0.000000 0.000000 0.000000 1.000000
0.686966 0.345530 0.889526 0.000000 0.000000 0.000000 1.000000
0.670866 0.306405 0.116048 0.000000 0.000000 0.000000 1.000000
0.675016 0.316658 0.287769 0.000000 0.000000 0.000000 1.000000
0.646075 0.818247 0.875275 0.000000 0.000000 0.000000 1.000000
0.762262 0.387596 0.466331 0.000000 0.000000 0.000000 1.000000
0.739556 0.271419 0.764159 0.000000 0.000000 0.000000 1.000000
0.003142 0.403955 0.287700 0.000000 0.000000 0.000000 1.000000
0.129233 0.144910 0.708125 0.000000 0.000000 0.000000 1.000000
0.820540 0.501513 0.106507 0.000000 0.000000 0.000000 1.000000
0.684865 0.361082 0.415949 0.000000 0.000000 0.000000 1.000000
0.756913 0.046317 0.248522 0.000000 0.000000 0.000000 1.000000
0.101124 0.145034 0.938836 0.000000 0.000000 0.000000 1.000000
0.719363 0.727025 0.620057 0.000000 0.000000 0.000000 1.000000
0.794351 0.610945 0.210517 0.000000 0.000000 0.000000 1.000000
0.064335 0.925455 0.755860 0.000000 0.000000 0.000000 1.000000
0.872438 0.721263 0.446759 0.000000 0.000000 0.000000 1.000000
0.117567 0.471229 0.066345 0.000000 0.000000 0.000000 1.000000
0.627684 0.584156 0.028014 0.000000 0.000000 0.000000 1.000000
0.779646 0.782289 0.750557 0.000000 0.000000 0.000000 1.000000
0.148732 0.959771 0.488641 0.000000 0.000000 0.000000 1.000000
0.895221 0.228155 0.594823 0.000000 0.000000 0.000000 1.000000
0.062037 0.044496 0.252056 0.000000 0.000000 0.000000 1.000000
0.392273 0.637780 0.089154 0.000000 0.000000 0.000000 1.000000
0.690418 0.788451 0.515005 0.000000 0.000000 0.000000 1.000000
0.050116 0.979237 0.326141 0.000000 0.000000 0.000000 1.000000
0.445710 0.759608 0.230747 0.000000 0.000000 0.000000 1.000000
0.090861 0.054323 0.777838 0.000000 0.000000 0.000000 1.000000
0.435805 0.780526 0.688444 0.000000 0.000000 0.000000 1.000000
0.707726 0.354046 0.768401 0.000000 0.000000 0.000000 1.000000
0.236822 0.699103 0.848057 0.000000 0.000000 0.000000 1.000000
0.378608 0.550054 0.749472 0.000000 0.000000 0.000000 1.000000
0.129433 0.798084 0.176726 0.000000 0.000000 0.000000 1.000000
0.045512 0.391215 0.641431 0.000000 0.000000 0.000000 1.000000
0.350214 0.610540 0.743678 0.000000 0.000000 0.000000 1.000000
0.175082 0.708034 0.147164 0.000000 0.000000 0.000000 1.000000
0.392469 0.408330 0.159510 0.000000 0.000000 0.000000 1.000000
0.793396 0.816334 0.707233 0.000000 0.000000 0.000000 1.000000
0.029909 0.867306 0.335953 0.000000 0.000000 0.000000 1.000000
0.747464 0.241087 0.971357 0.000000 0.000000 0.000000 1.000000
0.267347 0.181081 0.067036 0.000000 0.000000 0.000000 1.000000
0.395488 0.107355 0.164300 0.000000 0.000000 0.000000 1.000000
0.418658 0.843552 0.272350 0.000000 0.000000 0.000000 1.000000
0.009110 0.807233 0.109322 0.000000 0.000000 0.000000 1.000000
0.759732 0.410955 0.726835 0.000000 0.000000 0.000000 1.000000
0.763865 0.197410 0.765399 0.000000 0.000000 0.000000 1.000000
0.977525 0.404565 0.675836 0.000000 0.000000 0.000000 1.000000
0.079916 0.864610 0.989435 0.000000 0.000000 0.000000 1.000000
0.114444 0.669254 0.670367 0.000000 0.000000 0.000000 1.000000
0.834383 0.417013 0.170962 0.000000 0.000000 0.000000 1.000000
0.176360 0.642034 0.127653 0.000000 0.000000 0.000000 1.000000
0.282798 0.881823 0.532984 0.000000 0.000000 0.000000 1.000000
0.909531 0.535717 0.904328 0.000000 0.000000 0.000000 1.000000
0.132107 0.398944 0.614815 0.000000 0.000000 0.000000 1.000000
0.988506 0.876151 0.161752 0.000000 0.000000 0.000000 1.000000
0.823535 0.548061 0.913176 0.000000 0.000000 0.000000 1.000000
0.521319 0.085507 0.450591 0.000000 0.000000 0.000000 1.000000
0.309411 0.768535 0.875726 0.000000 0.000000 0.000000 1.000000
0.334143 0.726258 0.202314 0.000000 0.000000 0.000000 1.000000
0.632674 0.087147 0.198267 0.000000 0.000000 0.000000 1.000000
0.146459 0.893955 0.978998 0.000000 0.000000 0.000000 1.000000
0.272027 0.088571 0.381795 0.000000 0.000000 0.000000 1.000000
0.258047 0.428758 0.019695 0.000000 0.000000 0.000000 1.000000
0.805925 0.415311 0.885177 0.000000 0.000000 0.000000 1.000000
0.100922 0.484924 0.526523 0.000000 0.000000 0.000000 1.000000
0.886127 0.991997 0.982570 0.000000 0.000000 0.000000 1.000000
0.245643 0.278185 0.213767 0.000000 0.000000 0.000000 1.000000
0.282658 0.178001 0.933336 0.000000 0.000000 0.000000 1.000000
0.573747 0.715825 0.772630 0.000000 0.000000 0.000000 1.000000
0.629540 0.926073 0.462529 0.000000 0.000000 0.000000 1.000000
0.411624 0.453215 0.736946 0.000000 0.000000 0.000000 1.000000
0.164857 0.144928 0.249946 0.000000 0.000000 0.000000 1.000000
0.157027 0.870623 0.395596 0.000000 0.000000 0.000000 1.000000
0.554154 0.401558 0.366983 0.000000 0.000000 0.000000 1.000000
0.569367 0.157323 0.350198 0.000000 0.000000 0.000000 1.000000
0.595054 0.039010 0.867938 0.000000 0.000000 0.000000 1.000000
0.256444 0.025076 0.331335 0.000000 0.000000 0.000000 1.000000
0.290868 0.390196 0.433638 0.000000 0.000000 0.000000 1.000000
0.651880 0.063865 0.860329 0.000000 0.000000 0.000000 1.000000
0.508519 0.366734 0.175059 0.000000 0.000000 0.000000 1.000000
0.668945 0.039175 0.194700 0.000000 0.000000 0.000000 1.000000
0.904054 0.417983 0.815512 0.000000 0.000000 0.000000 1.000000
0.768002 0.213516 0.608646 0.000000 0.000000 0.000000 1.000000
0.493942 0.648235 0.940425 0.000000 0.000000 0.000000 1.000000
0.645429 0.618501 0.868313 0.000000 0.000000 0.000000 1.000000
0.483161 0.402240 0.773998 0.000000 0.000000 0.000000 1.000000
0.555729 0.270513 0.130850 0.000000 0.000000 0.000000 1.000000
0.376842 0.243531 0.714073 0.000000 0.000000 0.000000 1.000000
0.095727 0.767500 0.465552 0.000000 0.000000 0.000000 1.000000
0.854734 0.538697 0.155721 0.000000 0.000000 0.000000 1.000000
0.910068 0.341830 0.788909 0.000000 0.000000 0.000000 1.000000
0.530092 0.110850 0.149773 0.000000 0.000000 0.000000 1.000000
0.439172 0.121434 0.050775 0.000000 0.000000 0.000000 1.000000
0.557309 0.447721 0.790775 0.000000 0.000000 0.000000 1.000000
0.546834 0.252689 0.848612 0.000000 0.000000 0.000000 1.000000
0.185834 0.828078 0.814357 0.000000 0.000000 0.000000 1.000000
0.333730 0.259533 0.844447 0.000000 0.000000 0.000000 1.000000
0.081068 0.945948 0.458014 0.000000 0.000000 0.000000 1.000000
0.025527 0.384021 0.368918 0.000000 0.000000 0.000000 1.000000
0.982348 0.490844 0.662993 0.000000 0.000000 0.000000 1.000000
0.471772 0.726186 0.871202 0.000000 0.000000 0.000000 1.000000
0.871102 0.433721 0.608382 0.000000 0.000000 0.000000 1.000000
0.938395 0.509057 0.136682 0.000000 0.000000 0.000000 1.000000
0.988899 0.619537 0.584282 0.000000 0.000000 0.000000 1.000000
0.362665 0.690308 0.691552 0.000000 0.000000 0.000000 1.000000
0.766528 0.773826 0.039218 0.000000 0.000000 0.000000 1.000000
0.283913 0.387338 0.937362 0.000000 0.000000 0.000000 1.000000
0.531709 0.459614 0.650533 0.000000 0.000000 0.000000 1.000000
0.801770 0.704987 0.711443 0.000000 0.000000 0.000000 1.000000
0.638955 0.479798 0.443097 0.000000 0.000000 0.000000 1.000000
0.787445 0.126976 0.706813 0.000000 0.000000 0.000000 1.000000
0.744731 0.649627 0.994539 0.000000 0.000000 0.000000 1.000000
0.658605 0.068046 0.188163 0.000000 0.000000 0.000000 1.000000
0.823454 0.479250 0.737171 0.000000 0.000000 0.000000 1.000000
0.324415 0.607493 0.617193 0.000000 0.000000 0.000000 1.000000
0.706118 0.546230 0.737495 0.000000 0.000000 0.000000 1.000000
0.406154 0.381447 0.923130 0.000000 0.000000 0.000000 1.000000
0.366748 0.191101 0.992859 0.000000 0.000000 0.000000 1.000000
0.793231 0.215820 0.102902 0.000000 0.000000 0.000000 1.000000
0.049737 0.848087 0.615751 0.000000 0.000000 0.000000 1.000000
0.128535 0.289507 0.972903 0.000000 0.000000 0.000000 1.000000
0.911848 0.667504 0.650201 0.000000 0.000000 0.000000 1.000000
0.117019 0.087611 0.215081 0.000000 0.000000 0.000000 1.000000
0.323155 0.584238 0.465987 0.000000 0.000000 0.000000 1.000000
0.642576 0.255093 0.255585 0.000000 0.000000 0.000000 1.000000
0.412332 0.052746 0.528528 0.000000 0.000000 0.000000 1.000000
0.870701 0.995370 0.103076 0.000000 0.000000 0.000000 1.000000
0.491433 0.853547 0.713560 0.000000 0.000000 0.000000 1.000000
0.510686 0.228889 0.002318 0.000000 0.000000 0.000000 1.000000
0.980737 0.009230 0.024165 0.000000 0.000000 0.000000 1.000000
0.249575 0.023765 0.920083 0.000000 0.000000 0.000000 1.000000
0.649403 0.550720 0.602734 0.000000 0.000000 0.000000 1.000000
0.592400 0.366337 0.345744 0.000000 0.000000 0.000000 1.000000
0.844425 0.345669 0.814139 0.000000 0.000000 0.000000 1.000000
0.213292 0.689920 0.686140 0.000000 0.000000 0.000000 1.000000
0.840888 0.688246 0.684818 0.000000 0.000000 0.000000 1.000000
0.363247 0.777043 0.994890 0.000000 0.000000 0.000000 1.000000
0.927978 0.062156 0.227755 0.000000 0.000000 0.000000 1.000000
0.952562 0.622235 0.612621 0.000000 0.000000 0.000000 1.000000
0.547202 0.212970 0.065228 0.000000 0.000000 0.000000 1.000000
0.579489 0.897936 0.948156 0.000000 0.000000 0.000000 1.000000
0.952867 0.047113 0.710256 0.000000 0.000000 0.000000 1.000000
0.328806 0.246718 0.704241 0.000000 0.000000 0.000000 1.000000
0.803174 0.037869 0.969207 0.000000 0.000000 0.000000 1.000000
0.857383 0.182696 0.901248 0.000000 0.000000 0.000000 1.000000
0.483237 0.148333 0.281286 0.000000 0.000000 0.000000 1.000000
0.981332 0.294102 0.545625 0.000000 0.000000 0.000000 1.000000
0.193763 0.563318 0.277932 0.000000 0.000000 0.000000 1.000000
0.179305 0.337346 0.350154 0.000000 0.000000 0.000000 1.000000
0.267419 0.673003 0.191189 0.000000 0.000000 0.000000 1.000000
0.389209 0.787599 0.404540 0.000000 0.000000 0.000000 1.000000
0.835435 0.420475 0.722427 0.000000 0.000000 0.000000 1.000000
0.677194 0.940813 0.377032 0.000000 0.000000 0.000000 1.000000
0.582864 0.457841 0.711938 0.000000 0.000000 0.000000 1.000000
0.769513 0.852544 0.592032 0.000000 0.000000 0.000000 1.000000
0.529494 0.576087 0.683463 0.000000 0.000000 0.000000 1.000000
0.560333 0.364859 0.778688 0.000000 0.000000 0.000000 1.000000
0.030213 0.581604 0.810834 0.000000 0.000000 0.000000 1.000000
0.953564 0.675174 0.846842 0.000000 0.000000 0.000000 1.000000
0.903717 0.611431 0.860715 0.000000 0.000000 0.000000 1.000000
0.186341 0.325794 0.498755 0.000000 0.000000 0.000000 1.000000
0.624283 0.579060 0.940088 0.000000 0.000000 0.000000 1.000000
0.436104 0.517868 0.753925 0.000000 0.000000 0.000000 1.000000
0.298839 0.982778 0.292848 0.000000 0.000000 0.000000 1.000000
0.364334 0.661162 0.598064 0.000000 0.000000 0.000000 1.000000
0.612874 0.285475 0.855775 0.000000 0.000000 0.000000 1.000000
0.606233 0.025874 0.828763 0.000000 0.000000 0.000000 1.000000
0.821800 0.402066 0.979068 0.000000 0.000000 0.000000 1.000000
0.607996 0.924018 0.496897 0.000000 0.000000 0.000000 1.000000
0.507294 0.965359 0.886310 0.000000 0.000000 0.000000 1.000000
0.222085 0.681182 0.010775 0.000000 0.000000 0.000000 1.000000
0.577324 0.175819 0.416930 0.000000 0.000000 0.000000 1.000000
0.319667 0.818449 0.156007 0.000000 0.000000 0.000000 1.000000
0.236562 0.600438 0.317050 0.000000 0.000000 0.000000 1.000000
0.836120 0.710216 0.677528 0.000000 0.000000 0.000000 1.000000
0.316934 0.350380 0.559346 0.000000 0.000000 0.000000 1.000000
0.478049 0.671772 0.750994 0.000000 0.000000 0.000000 1.000000
0.998758 0.126115 0.663128 0.000000 0.000000 0.000000 1.000000
0.508138 0.692828 0.258453 0.000000 0.000000 0.000000 1.000000
0.237439 0.270031 0.129980 0.000000 0.000000 0.000000 1.000000
0.863360 0.846142 0.117915 0.000000 0.000000 0.000000 1.000000
0.913806 0.468456 0.006761 0.000000 0.000000 0.000000 1.000000
0.872760 0.437171 0.679823 0.000000 0.000000 0.000000 1.000000
0.675176 0.733926 0.508081 0.000000 0.000000 0.000000 1.000000
0.054844 0.424070 0.785715 0.000000 0.000000 0.000000 1.000000
0.997551 0.114484 0.914841 0.000000 0.000000 0.000000 1.000000
0.390220 0.260814 0.223411 0.000000 0.000000 0.000000 1.000000
0.710287 0.184055 0.484732 0.000000 0.000000 0.000000 1.000000
0.000711 0.044847 0.774731 0.000000 0.000000 0.000000 1.000000
0.625011 0.101906 0.245844 0.000000 0.000000 0.000000 1.000000
0.005871 0.165698 0.872331 0.000000 0.000000 0.000000 1.000000
0.876475 0.054033 0.293555 0.000000 0.000000 0.000000 1.000000
0.876707 0.676353 0.589215 0.000000 0.000000 0.000000 1.000000
0.277896 0.886037 0.896842 0.000000 0.000000 0.000000 1.000000
0.806362 0.216235 0.080645 0.000000 0.000000 0.000000 1.000000
0.036088 0.885638 0.662280 0.000000 0.000000 0.000000 1.000000
0.167644 0.982449 0.807030 0.000000 0.000000 0.000000 1.000000
0.352186 0.773024 0.710127 0.000000 0.000000 0.000000 1.000000
0.144804 0.241384 0.474998 0.000000 0.000000 0.000000 1.000000
0.114445 0.003970 0.399365 0.000000 0.000000 0.000000 1.000000
0.238346 0.928803 0.987466 0.000000 0.000000 0.000000 1.000000
0.697412 0.980486 0.293465 0.000000 0.000000 0.000000 1.000000
0.781673 0.057461 0.104430 0.000000 0.000000 0.000000 1.000000
0.264088 0.379572 0.911688 0.000000 0.000000 0.000000 1.000000
0.102911 0.584365 0.702169 0.000000 0.000000 0.000000 1.000000
0.731842 0.154880 0.280386 0.000000 0.000000 0.000000 1.000000
0.594993 0.429030 0.402161 0.000000 0.000000 0.000000 1.000000
0.149923 0.178528 0.615108 0.000000 0.000000 0.000000 1.000000
0.244255 0.153315 0.966359 0.000000 0.000000 0.000000 1.000000
0.132544 0.882852 0.162990 0.000000 0.000000 0.000000 1.000000
0.821887 0.771400 0.201282 0.000000 0.000000 0.000000 1.000000
0.062757 0.514623 0.629791 0.000000 0.000000 0.000000 1.000000
0.952046 0.958321 0.427545 0.000000 0.000000 0.000000 1.000000
0.024350 0.936413 0.743777 0.000000 0.000000 0.000000 1.000000
0.403713 0.579871 0.286901 0.000000 0.000000 0.000000 1.000000
0.628921 0.072342 0.499022 0.000000 0.000000 0.000000 1.000000
0.429101 0.799881 0.143054 0.000000 0.000000 0.000000 1.000000
0.095196 0.303958 0.706806 0.000000 0.000000 0.000000 1.000000
0.199721 0.194409 0.113682 0.000000 0.000000 0.000000 1.000000
0.522027 0.190848 0.605113 0.000000 0.000000 0.000000 1.000000
0.491284 0.924292 0.968025 0.000000 0.000000 0.000000 1.000000
0.989082 0.122309 0.306791 0.000000 0.000000 0.000000 1.000000
0.750654 0.101314 0.756768 0.000000 0.000000 0.000000 1.000000
0.571953 0.916604 0.932215 0.000000 0.000000 0.000000 1.000000
0.459264 0.974676 0.126935 0.000000 0.000000 0.000000 1.000000
0.235302 0.870134 0.062310 0.000000 0.000000 0.000000 1.000000
0.510660 0.791186 0.913789 0.000000 0.000000 0.000000 1.000000
0.355452 0.023363 0.363993 0.000000 0.000000 0.000000 1.000000
0.076575 0.239488 0.914449 0.000000 0.000000 0.000000 1.000000
0.560253 0.274177 0.350174 0.000000 0.000000 0.000000 1.000000
0.569253 0.408986 0.484701 0.000000 0.000000 0.000000 1.000000
0.758733 0.078214 0.297306 0.000000 0.000000 0.000000 1.000000
0.543430 0.490107 0.265158 0.000000 0.000000 0.000000 1.000000
0.236476 0.634626 0.659286 0.000000 0.000000 0.000000 1.000000
0.720550 0.230076 0.316063 0.000000 0.000000 0.000000 1.000000
0.300420 0.020840 0.668949 0.000000 0.000000 0.000000 1.000000
0.955262 0.445730 0.581017 0.000000 0.000000 0.000000 1.000000
0.236447 0.099718 0.033928 0.000000 0.000000 0.000000 1.000000
0.734080 0.992189 0.169543 0.000000 0.000000 0.000000 1.000000
0.790397 0.048772 0.643076 0.000000 0.000000 0.000000 1.000000
0.203918 0.319597 0.684059 0.000000 0.000000 0.000000 1.000000
0.682537 0.077511 0.374801 0.000000 0.000000 0.000000 1.000000
0.322652 0.595295 0.809972 0.000000 0.000000 0.000000 1.000000
0.927403 0.604213 0.634124 0.000000 0.000000 0.000000 1.000000
0.643131 0.181692 0.325758 0.000000 0.000000 0.000000 1.000000
0.628616 0.409609 0.737091 0.000000 0.000000 0.000000 1.000000
0.276529 0.868228 0.637038 0.000000 0.000000 0.000000 1.000000
0.807632 0.653620 0.429076 0.000000 0.000000 0.000000 1.000000
0.496350 0.793627 0.865880 0.000000 0.000000 0.000000 1.000000
0.650140 0.142448 0.997071 0.000000 0.000000 0.000000 1.000000
0.636116 0.419494 0.097958 0.000000 0.000000 0.000000 1.000000
0.531852 0.173782 0.900049 0.000000 0.000000 0.000000 1.000000
0.983506 0.080989 0.933636 0.000000 0.000000 0.000000 1.000000
0.201247 0.969369 0.867342 0.000000 0.000000 0.000000 1.000000
0.692251 0.219700 0.431658 0.000000 0.000000 0.000000 1.000000
0.748829 0.073196 0.021395 0.000000 0.000000 0.000000 1.000000
0.740845 0.642947 0.763295 0.000000 0.000000 0.000000 1.000000
0.670857 0.115884 0.258522 0.000000 0.000000 0.000000 1.000000
0.884080 0.195059 0.834514 0.000000 0.000000 0.000000 1.000000
0.174257 0.241044 0.112410 0.000000 0.000000 0.000000 1.000000
0.231985 0.703340 0.072302 0.000000 0.000000 0.000000 1.000000
0.667502 0.796155 0.907851 0.000000 0.000000 0.000000 1.000000
0.576458 0.095945 0.527774 0.000000 0.000000 0.000000 1.000000
0.351660 0.865496 0.280221 0.000000 0.000000 0.000000 1.000000
0.163803 0.463223 0.729734 0.000000 0.000000 0.000000 1.000000
0.615216 0.729640 0.652637 0.000000 0.000000 0.000000 1.000000
0.497793 0.798061 0.090179 0.000000 0.000000 0.000000 1.000000
0.466370 0.622770 0.394046 0.000000 0.000000 0.000000 1.000000
0.602635 0.988658 0.534027 0.000000 0.000000 0.000000 1.000000
0.312274 0.438885 0.266550 0.000000 0.000000 0.000000 1.000000
0.390675 0.371156 0.526351 0.000000 0.000000 0.000000 1.000000
0.009146 0.664135 0.943660 0.000000 0.000000 0.000000 1.000000
0.019921 0.082507 0.269186 0.000000 0.000000 0.000000 1.000000
0.288496 0.262377 0.587821 0.000000 0.000000 0.000000 1.000000
0.349707 0.213200 0.565144 0.000000 0.000000 0.000000 1.000000
0.586155 0.566947 0.257270 0.000000 0.000000 0.000000 1.000000
0.334925 0.216947 0.795054 0.000000 0.000000 0.000000 1.000000
0.189384 0.714536 0.618420 0.000000 0.000000 0.000000 1.000000
0.066735 0.636933 0.532041 0.000000 0.000000 0.000000 1.000000
0.286191 0.887774 0.654117 0.000000 0.000000 0.000000 1.000000
0.476231 0.321137 0.994532 0.000000 0.000000 0.000000 1.000000
0.857572 0.812051 0.594023 0.000000 0.000000 0.000000 1.000000
0.753909 0.565005 0.512586 0.000000 0.000000 0.000000 1.000000
0.754765 0.572958 0.591020 0.000000 0.000000 0.000000 1.000000
0.409964 0.584450 0.084295 0.000000 0.000000 0.000000 1.000000
0.866896 0.932406 0.093007 0.000000 0.000000 0.000000 1.000000
0.151133 0.463932 0.490440 0.000000 0.000000 0.000000 1.000000
0.108752 0.922317 0.706053 0.000000 0.000000 0.000000 1.000000
0.411866 0.701711 0.633031 0.000000 0.000000 0.000000 1.000000
0.474070 0.879626 0.483939 0.000000 0.000000 0.000000 1.000000
0.372853 0.234165 0.222767 0.000000 0.000000 0.000000 1.000000
0.599955 0.741382 0.488378 0.000000 0.000000 0.000000 1.000000
0.715723 0.018235 0.188972 0.000000 0.000000 0.000000 1.000000
0.271352 0.892098 0.331268 0.000000 0.000000 0.000000 1.000000
0.717712 0.593895 0.409605 0.000000 0.000000 0.000000 1.000000
0.457212 0.755695 0.931423 0.000000 0.000000 0.000000 1.000000
0.380174 0.801772 0.978434 0.000000 0.000000 0.000000 1.000000
0.023265 0.576590 0.583108 0.000000 0.000000 0.000000 1.000000
0.709996 0.764904 0.747107 0.000000 0.000000 0.000000 1.000000
0.435677 0.284738 0.562302 0.000000 0.000000 0.000000 1.000000
0.520156 0.920196 0.313048 0.000000 0.000000 0.000000 1.000000
0.169204 0.933550 0.917757 0.000000 0.000000 0.000000 1.000000
0.353996 0.053107 0.436916 0.000000 0.000000 0.000000 1.000000
0.357581 0.036628 0.924345 0.000000 0.000000 0.000000 1.000000
0.509694 0.334046 0.492627 0.000000 0.000000 0.000000 1.000000
0.038509 0.341530 0.974200 0.000000 0.000000 0.000000 1.000000
0.557733 0.714969 0.930102 0.000000 0.000000 0.000000 1.000000
0.011255 0.288716 0.467543 0.000000 0.000000 0.000000 1.000000
0.332783 0.029157 0.473095 0.000000 0.000000 0.000000 1.000000
0.128165 0.722994 0.954203 0.000000 0.000000 0.000000 1.000000
0.617291 0.924046 0.876681 0.000000 0.000000 0.000000 1.000000
0.264848 0.118647 0.055270 0.000000 0.000000 0.000000 1.000000
0.733587 0.867677 0.932638 0.000000 0.000000 0.000000 1.000000
0.929228 0.442876 0.255545 0.000000 0.000000 0.000000 1.000000
0.858310 0.145658 0.863029 0.000000 0.000000 0.000000 1.000000
0.771506 0.219218 0.920129 0.000000 0.000000 0.000000 1.000000
0.992453 0.402015 0.014023 0.000000 0.000000 0.000000 1.000000
0.433420 0.943165 0.993186 0.000000 0.000000 0.000000 1.000000
0.550780 0.445619 0.906564 0.000000 0.000000 0.000000 1.000000
0.605274 0.339124 0.407179 0.000000 0.000000 0.000000 1.000000
0.357650 0.488479 0.923304 0.000000 0.000000 0.000000 1.000000
0.834725 0.194111 0.134467 0.000000 0.000000 0.000000 1.000000
0.765504 0.333838 0.439174 0.000000 0.000000 0.000000 1.000000
0.344703 0.833997 0.102351 0.000000 0.000000 0.000000 1.000000
0.656515 0.675471 0.727927 0.000000 0.000000 0.000000 1.000000
0.297897 0.404673 0.403615 0.000000 0.000000 0.000000 1.000000
0.836091 0.789646 0.519327 0.000000 0.000000 0.000000 1.000000
0.177205 0.378616 0.651110 0.000000 0.000000 0.000000 1.000000
0.445161 0.296303 0.712215 0.000000 0.000000 0.000000 1.000000
0.710283 0.878645 0.279639 0.000000 0.000000 0.000000 1.000000
0.016564 0.304109 0.894987 0.000000 0.000000 0.000000 1.000000
0.102770 0.823816 0.729369 0.000000 0.000000 0.000000 1.000000
0.015939 0.953427 0.693996 0.000000 0.000000 0.000000 1.000000
0.811697 0.317531 0.332782 0.000000 0.000000 0.000000 1.000000
0.031230 0.722504 0.751381 0.000000 0.000000 0.000000 1.000000
0.393223 0.229107 0.478524 0.000000 0.000000 0.000000 1.000000
0.500157 0.685163 0.917124 0.000000 0.000000 0.000000 1.000000
0.653418 0.667350 0.851481 0.000000 0.000000 0.000000 1.000000
0.115580 0.555218 0.281351 0.000000 0.000000 0.000000 1.000000
0.044132 0.246674 0.718634 0.000000 0.000000 0.000000 1.000000
0.008636 0.907497 0.338742 0.000000 0.000000 0.000000 1.000000
0.403587 0.558472 0.689117 0.000000 0.000000 0.000000 1.000000
0.609155 0.856192 0.167788 0.000000 0.000000 0.000000 1.000000
0.084804 0.534044 0.599799 0.000000 0.000000 0.000000 1.000000
0.037106 0.561605 0.690289 0.000000 0.000000 0.000000 1.000000
0.179936 0.367791 0.442738 0.000000 0.000000 0.000000 1.000000
0.405111 0.860434 0.696796 0.000000 0.000000 0.000000 1.000000
0.942616 0.423828 0.890759 0.000000 0.000000 0.000000 1.000000
0.322942 0.687828 0.219891 0.000000 0.000000 0.000000 1.000000
0.772445 0.216761 0.699152 0.000000 0.000000 0.000000 1.000000
0.600164 0.308478 0.246138 0.000000 0.000000 0.000000 1.000000
0.159079 0.697181 0.791694 0.000000 0.000000 0.000000 1.000000
0.971943 0.895141 0.851806 0.000000 0.000000 0.000000 1.000000
0.296108 0.474268 0.107731 0.000000 0.000000 0.000000 1.000000
0.457680 0.338231 0.421524 0.000000 0.000000 0.000000 1.000000
0.227187 0.944887 0.246891 0.000000 0.000000 0.000000 1.000000
0.987236 0.911808 0.859304 0.000000 0.000000 0.000000 1.000000
0.582278 0.970527 0.301351 0.000000 0.000000 0.000000 1.000000
0.780323 0.011895 0.682330 0.000000 0.000000 0.000000 1.000000
0.247281 0.706883 0.504802 0.000000 0.000000 0.000000 1.000000
0.126770 0.302012 0.863979 0.000000 0.000000 0.000000 1.000000
0.310720 0.147694 0.535414 0.000000 0.000000 0.000000 1.000000
0.277117 0.866108 0.969329 0.000000 0.000000 0.000000 1.000000
0.384736 0.136749 0.441744 0.000000 0.000000 0.000000 1.000000
0.426661 0.920670 0.137201 0.000000 0.000000 0.000000 1.000000
0.231715 0.310279 0.705637 0.000000 0.000000 0.000000 1.000000
0.619502 0.091255 0.228164 0.000000 0.000000 0.000000 1.000000
0.057818 0.789644 0.485960 0.000000 0.000000 0.000000 1.000000
0.254204 0.873485 0.716983 0.000000 0.000000 0.000000 1.000000
0.207539 0.928003 0.465366 0.000000 0.000000 0.000000 1.000000
0.590006 0.349856 0.490447 0.000000 0.000000 0.000000 1.000000
0.677225 0.961606 0.370313 0.000000 0.000000 0.000000 1.000000
0.240121 0.602422 0.120625 0.000000 0.000000 0.000000 1.000000
0.932931 0.342478 0.802189 0.000000 0.000000 0.000000 1.000000
0.631563 0.014084 0.918987 0.000000 0.000000 0.000000 1.000000
0.141298 0.371580 0.542155 0.000000 0.000000 0.000000 1.000000
0.346032 0.573590 0.371490 0.000000 0.000000 0.000000 1.000000
0.315365 0.464035 0.829232 0.000000 0.000000 0.000000 1.000000
0.418160 0.075272 0.891877 0.000000 0.000000 0.000000 1.000000
0.143690 0.075047 0.897176 0.000000 0.000000 0.000000 1.000000
0.566887 0.856550 0.673407 0.000000 0.000000 0.000000 1.000000
0.085256 0.428589 0.289073 0.000000 0.000000 0.000000 1.000000
0.415232 0.636236 0.761415 0.000000 0.000000 0.000000 1.000000
0.586246 0.233963 0.872629 0.000000 0.000000 0.000000 1.000000
0.125418 0.974216 0.902639 0.000000 0.000000 0.000000 1.000000
0.106751 0.050314 0.304702 0.000000 0.000000 0.000000 1.000000
0.838649 0.055994 0.752694 0.000000 0.000000 0.000000 1.000000
0.216503 0.890618 0.363454 0.000000 0.000000 0.000000 1.000000
0.302427 0.445985 0.658577 0.000000 0.000000 0.000000 1.000000
0.447992 0.200134 0.456709 0.000000 0.000000 0.000000 1.000000
0.498755 0.281419 0.410728 0.000000 0.000000 0.000000 1.000000
0.230809 0.861255 0.325626 0.000000 0.000000 0.000000 1.000000
0.844617 0.103084 0.028095 0.000000 0.000000 0.000000 1.000000
0.111861 0.861988 0.202817 0.000000 0.000000 0.000000 1.000000
0.672889 0.415666 0.318884 0.000000 0.000000 0.000000 1.000000
0.736394 0.429538 0.707197 0.000000 0.000000 0.000000 1.000000
0.709469 0.544798 0.014021 0.000000 0.000000 0.000000 1.000000
0.411433 0.018429 0.406586 0.000000 0.000000 0.000000 1.000000
0.357279 0.123811 0.090931 0.000000 0.000000 0.000000 1.000000
0.317821 0.970824 0.550237 0.000000 0.000000 0.000000 1.000000
0.350158 0.110877 0.613637 0.000000 0.000000 0.000000 1.000000
0.467913 0.477797 0.951612 0.000000 0.000000 0.000000 1.000000
0.483052 0.602887 0.963319 0.000000 0.000000 0.000000 1.000000
0.657600 0.730127 0.179604 0.000000 0.000000 0.000000 1.000000
0.397759 0.441512 0.552598 0.000000 0.000000 0.000000 1.000000
0.257898 0.035970 0.908942 0.000000 0.000000 0.000000 1.000000
0.156567 0.097408 0.104782 0.000000 0.000000 0.000000 1.000000
0.659706 0.529935 0.725409 0.000000 0.000000 0.000000 1.000000
0.706018 0.791871 0.176034 0.000000 0.000000 0.000000 1.000000
0.682775 0.550898 0.520323 0.000000 0.000000 0.000000 1.000000
0.725996 0.001889 0.996218 0.000000 0.000000 0.000000 1.000000
0.016983 0.139453 0.719268 0.000000 0.000000 0.000000 1.000000
0.942761 0.529324 0.453991 0.000000 0.000000 0.000000 1.000000
0.801008 0.007365 0.836905 0.000000 0.000000 0.000000 1.000000
0.119836 0.498237 0.905043 0.000000 0.000000 0.000000 1.000000
0.924040 0.326614 0.668183 0.000000 0.000000 0.000000 1.000000
0.370003 0.230127 0.783975 0.000000 0.000000 0.000000 1.000000
0.432935 0.136886 0.742633 0.000000 0.000000 0.000000 1.000000
0.584661 0.128113 0.703945 0.000000 0.000000 0.000000 1.000000
0.908145 0.784196 0.311590 0.000000 0.000000 0.000000 1.000000
0.215795 0.405480 0.307719 0.000000 0.000000 0.000000 1.000000
0.963802 0.215508 0.793000 0.000000 0.000000 0.000000 1.000000
0.598684 0.581291 0.289567 0.000000 0.000000 0.000000 1.000000
0.205886 0.184921 0.069123 0.000000 0.000000 0.000000 1.000000
0.416435 0.517375 0.447062 0.000000 0.000000 0.000000 1.000000
0.669519 0.151014 0.889732 0.000000 0.000000 0.000000 1.000000
0.006011 0.704285 0.380899 0.000000 0.000000 0.000000 1.000000
0.145878 0.885874 0.883579 0.000000 0.000000 0.000000 1.000000
0.477442 0.791674 0.483682 0.000000 0.000000 0.000000 1.000000
0.689977 0.092256 0.346422 0.000000 0.000000 0.000000 1.000000
0.789616 0.614119 0.920816 0.000000 0.000000 0.000000 1.000000
0.255227 0.261000 0.562753 0.000000 0.000000 0.000000 1.000000
0.221251 0.253330 0.731986 0.000000 0.000000 0.000000 1.000000
0.388795 0.808417 0.861598 0.000000 0.000000 0.000000 1.000000
0.513554 0.054669 0.324890 0.000000 0.000000 0.000000 1.000000
0.941352 0.398581 0.642888 0.000000 0.000000 0.000000 1.000000
0.475099 0.352109 0.465882 0.000000 0.000000 0.000000 1.000000
0.599649 0.256650 0.722707 0.000000 0.000000 0.000000 1.000000
0.829137 0.709846 0.749183 0.000000 0.000000 0.000000 1.000000
0.089024 0.049223 0.664062 0.000000 0.000000 0.000000 1.000000
0.078951 0.465263 0.084586 0.000000 0.000000 0.000000 1.000000
0.618544 0.349288 0.143680 0.000000 0.000000 0.000000 1.000000
0.048192 0.824730 0.507597 0.000000 0.000000 0.000000 1.000000
0.296614 0.090946 0.958461 0.000000 0.000000 0.000000 1.000000
0.248961 0.898056 0.749071 0.000000 0.000000 0.000000 1.000000
0.012475 0.924881 0.268916 0.000000 0.000000 0.000000 1.000000
0.671655 0.800000 0.605408 0.000000 0.000000 0.000000 1.000000
0.425088 0.582734 0.794055 0.000000 0.000000 0.000000 1.000000
0.254556 0.360184 0.678112 0.000000 0.000000 0.000000 1.000000
0.562743 0.679721 0.157228 0.000000 0.000000 0.000000 1.000000
0.168460 0.206050 0.814029 0.000000 0.000000 0.000000 1.000000
0.240450 0.347210 0.489718 0.000000 0.000000 0.000000 1.000000
0.249871 0.569740 0.058531 0.000000 0.000000 0.000000 1.000000
0.382908 0.084283 0.418383 0.000000 0.000000 0.000000 1.000000
0.725805 0.387128 0.677475 0.000000 0.000000 0.000000 1.000000
0.557431 0.268291 0.392364 0.000000 0.000000 0.000000 1.000000
0.292442 0.627650 0.359627 0.000000 0.000000 0.000000 1.000000
0.511860 0.068743 0.581127 0.000000 0.000000 0.000000 1.000000
0.288435 0.866476 0.007401 0.000000 0.000000 0.000000 1.000000
0.665429 0.510963 0.968402 0.000000 0.000000 0.000000 1.000000
0.238334 0.974747 0.971188 0.000000 0.000000 0.000000 1.000000
0.538939 0.273700 0.326341 0.000000 0.000000 0.000000 1.000000
0.716293 0.434666 0.028368 0.000000 0.000000 0.000000 1.000000
0.612424 0.506800 0.665002 0.000000 0.000000 0.000000 1.000000
0.994537 0.953489 0.165558 0.000000 0.000000 0.000000 1.000000
0.521836 0.349154 0.694917 0.000000 0.000000 0.000000 1.000000
0.818039 0.343381 0.338265 0.000000 0.000000 0.000000 1.000000
0.020327 0.495622 0.951238 0.000000 0.000000 0.000000 1.000000
0.653733 0.534969 0.704793 0.000000 0.000000 0.000000 1.000000
0.169097 0.504707 0.120002 0.000000 0.000000 0.000000 1.000000
0.021439 0.985545 0.213883 0.000000 0.000000 0.000000 1.000000
0.183542 0.946508 0.693291 0.000000 0.000000 0.000000 1.000000
0.957703 0.653199 0.729188 0.000000 0.000000 0.000000 1.000000
0.478483 0.187843 0.059511 0.000000 0.000000 0.000000 1.000000
0.843106 0.718060 0.877718 0.000000 0.000000 0.000000 1.000000
0.869577 0.201696 0.989135 0.000000 0.000000 0.000000 1.000000
0.933044 0.764307 0.243257 0.000000 0.000000 0.000000 1.000000
0.010029 0.993017 0.496249 0.000000 0.000000 0.000000 1.000000
0.587618 0.105389 0.434897 0.000000 0.000000 0.000000 1.000000
0.412952 0.069643 0.908362 0.000000 0.000000 0.000000 1.000000
0.670543 0.612127 0.496414 0.000000 0.000000 0.000000 1.000000
0.025077 0.565933 0.653049 0.000000 0.000000 0.000000 1.000000
0.053096 0.381393 0.141993 0.000000 0.000000 0.000000 1.000000
0.377280 0.202893 0.236085 0.000000 0.000000 0.000000 1.000000
0.377066 0.223579 0.559907 0.000000 0.000000 0.000000 1.000000
0.401610 0.083497 0.583100 0.000000 0.000000 0.000000 1.000000
0.889914 0.976880 0.961347 0.000000 0.000000 0.000000 1.000000
0.110275 0.430260 0.573149 0.000000 0.000000 0.000000 1.000000
0.453283 0.006384 0.320737 0.000000 0.000000 0.000000 1.000000
0.713312 0.405161 0.006093 0.000000 0.000000 0.000000 1.000000
0.702948 0.566521 0.617954 0.000000 0.000000 0.000000 1.000000
0.583395 0.030525 0.122770 0.000000 0.000000 0.000000 1.000000
0.563274 0.725585 0.865133 0.000000 0.000000 0.000000 1.000000
0.711071 0.892262 0.787274 0.000000 0.000000 0.000000 1.000000
0.996240 0.142441 0.123106 0.000000 0.000000 0.000000 1.000000
0.750706 0.323395 0.643680 0.000000 0.000000 0.000000 1.000000
0.387135 0.938481 0.302654 0.000000 0.000000 0.000000 1.000000
0.226280 0.320249 0.361548 0.000000 0.000000 0.000000 1.000000
0.439249 0.764577 0.536811 0.000000 0.000000 0.000000 1.000000
0.909555 0.657254 0.196297 0.000000 0.000000 0.000000 1.000000
0.035600 0.318450 0.734987 0.000000 0.000000 0.000000 1.000000
0.360287 0.187273 0.843311 0.000000 0.000000 0.000000 1.000000
0.820752 0.864064 0.457267 0.000000 0.000000 0.000000 1.000000
0.203653 0.651816 0.153238 0.000000 0.000000 0.000000 1.000000
0.918460 0.752619 0.774319 0.000000 0.000000 0.000000 1.000000
0.354124 0.539670 0.427657 0.000000 0.000000 0.000000 1.000000
0.821730 0.937559 0.574982 0.000000 0.000000 0.000000 1.000000
0.864015 0.400891 0.568733 0.000000 0.000000 0.000000 1.000000
0.501648 0.583678 0.958620 0.000000 0.000000 0.000000 1.000000
0.145228 0.771688 0.448217 0.000000 0.000000 0.000000 1.000000
0.442849 0.981021 0.670183 0.000000 0.000000 0.000000 1.000000
0.028532 0.560956 0.072683 0.000000 0.000000 0.000000 1.000000
0.084929 0.580017 0.336041 0.000000 0.000000 0.000000 1.000000
0.954364 0.217524 0.350408 0.000000 0.000000 0.000000 1.000000
0.394354 0.909400 0.248705 0.000000 0.000000 0.000000 1.000000
0.020264 0.108359 0.333320 0.000000 0.000000 0.000000 1.000000
0.684483 0.318926 0.351526 0.000000 0.000000 0.000000 1.000000
0.224990 0.517120 0.661579 0.000000 0.000000 0.000000 1.000000
0.817666 0.959812 0.890687 0.000000 0.000000 0.000000 1.000000
0.261741 0.368792 0.476633 0.000000 0.000000 0.000000 1.000000
0.673214 0.881793 0.070799 0.000000 0.000000 0.000000 1.000000
0.227180 0.015327 0.853739 0.000000 0.000000 0.000000 1.000000
0.288198 0.767501 0.432317 0.000000 0.000000 0.000000 1.000000
0.453645 0.293826 0.187527 0.000000 0.000000 0.000000 1.000000
0.568257 0.571732 0.956841 0.000000 0.000000 0.000000 1.000000
0.597402 0.481032 0.566838 0.000000 0.000000 0.000000 1.000000
0.399777 0.299481 0.788295 0.000000 0.000000 0.000000 1.000000
0.090042 0.056994 0.384375 0.000000 0.000000 0.000000 1.000000
0.719228 0.378177 0.692306 0.000000 0.000000 0.000000 1.000000
0.738391 0.608521 0.747016 0.000000 0.000000 0.000000 1.000000
0.538769 0.005835 0.635063 0.000000 0.000000 0.000000 1.000000
0.930343 0.922935 0.169376 0.000000 0.000000 0.000000 1.000000
0.741586 0.220123 0.226258 0.000000 0.000000 0.000000 1.000000
0.308140 0.564764 0.896241 0.000000 0.000000 0.000000 1.000000
0.266151 0.899598 0.485938 0.000000 0.000000 0.000000 1.000000
0.495512 0.724167 0.214559 0.000000 0.000000 0.000000 1.000000
0.248535 0.579292 0.250284 0.000000 0.000000 0.000000 1.000000
0.756311 0.047799 0.647032 0.000000 0.000000 0.000000 1.000000
0.280730 0.691538 0.033726 0.000000 0.000000 0.000000 1.000000
0.517910 0.546619 0.767396 0.000000 0.000000 0.000000 1.000000
0.532553 0.983473 0.863539 0.000000 0.000000 0.000000 1.000000
0.177603 0.198434 0.132186 0.000000 0.000000 0.000000 1.000000
0.903882 0.412858 0.118551 0.000000 0.000000 0.000000 1.000000
0.717162 0.563404 0.351240 0.000000 0.000000 0.000000 1.000000
0.600844 0.590050 0.987272 0.000000 0.000000 0.000000 1.000000
0.825143 0.916315 0.228983 0.000000 0.000000 0.000000 1.000000
0.323637 0.055730 0.822577 0.000000 0.000000 0.000000 1.000000
0.036461 0.943420 0.430566 0.000000 0.000000 0.000000 1.000000
0.243171 0.311066 0.077810 0.000000 0.000000 0.000000 1.000000
0.095498 0.480634 0.360501 0.000000 0.000000 0.000000 1.000000
0.818715 0.039241 0.228603 0.000000 0.000000 0.000000 1.000000
0.860221 0.649930 0.369967 0.000000 0.000000 0.000000 1.000000
0.869076 0.076316 0.234698 0.000000 0.000000 0.000000 1.000000
0.475511 0.464163 0.484055 0.000000 0.000000 0.000000 1.000000
0.282903 0.469252 0.384357 0.000000 0.000000 0.000000 1.000000
0.452774 0.796626 0.461761 0.000000 0.000000 0.000000 1.000000
0.011627 0.863548 0.326784 0.000000 0.000000 0.000000 1.000000
0.011228 0.813658 0.838906 0.000000 0.000000 0.000000 1.000000
0.530873 0.966795 0.012501 0.000000 0.000000 0.000000 1.000000
0.500442 0.032429 0.541691 0.000000 0.000000 0.000000 1.000000
0.975583 0.711386 0.442158 0.000000 0.000000 0.000000 1.000000
0.814084 0.356875 0.158183 0.000000 0.000000 0.000000 1.000000
0.793959 0.665932 0.272626 0.000000 0.000000 0.000000 1.000000
0.312550 0.887761 0.171188 0.000000 0.000000 0.000000 1.000000
0.023466 0.896040 0.631656 0.000000 0.000000 0.000000 1.000000
0.281654 0.083210 0.763856 0.000000 0.000000 0.000000 1.000000
0.996387 0.863273 0.999143 0.000000 0.000000 0.000000 1.000000
0.869013 0.001828 0.684935 0.000000 0.000000 0.000000 1.000000
0.414963 0.353771 0.961332 0.000000 0.000000 0.000000 1.000000
0.239942 0.702678 0.289160 0.000000 0.000000 0.000000 1.000000
0.531118 0.191748 0.898011 0.000000 0.000000 0.000000 1.000000
0.944212 0.743141 0.043430 0.000000 0.000000 0.000000 1.000000
0.339757 0.232503 0.516889 0.000000 0.000000 0.000000 1.000000
0.667083 0.468813 0.717286 0.000000 0.000000 0.000000 1.000000
0.716285 0.226207 0.245318 0.000000 0.000000 0.000000 1.000000
0.966748 0.812550 0.311495 0.000000 0.000000 0.000000 1.000000
0.753592 0.025313 0.348155 0.000000 0.000000 0.000000 1.000000
0.949311 0.559608 0.007814 0.000000 0.000000 0.000000 1.000000
0.890199 0.165750 0.326244 0.000000 0.000000 0.000000 1.000000
0.824251 0.911165 0.387298 0.000000 0.000000 0.000000 1.000000
0.644748 0.905114 0.616628 0.000000 0.000000 0.000000 1.000000
0.904887 0.476066 0.796953 0.000000 0.000000 0.000000 1.000000
0.041405 0.117600 0.257064 0.000000 0.000000 0.000000 1.000000
0.611227 0.428571 0.629452 0.000000 0.000000 0.000000 1.000000
0.650399 0.620147 0.515759 0.000000 0.000000 0.000000 1.000000
0.563351 0.779060 0.109959 0.000000 0.000000 0.000000 1.000000
0.870619 0.470875 0.086386 0.000000 0.000000 0.000000 1.000000
0.428288 0.496145 0.579303 0.000000 0.000000 0.000000 1.000000
0.422368 0.648874 0.428098 0.000000 0.000000 0.000000 1.000000
0.951791 0.230597 0.259452 0.000000 0.000000 0.000000 1.000000
0.034317 0.601726 0.476823 0.000000 0.000000 0.000000 1.000000
0.156360 0.990968 0.784888 0.000000 0.000000 0.000000 1.000000
0.168557 0.948714 0.568688 0.000000 0.000000 0.000000 1.000000
0.903425 0.208104 0.363432 0.000000 0.000000 0.000000 1.000000
0.048836 0.343667 0.629186 0.000000 0.000000 0.000000 1.000000
0.337444 0.163504 0.565924 0.000000 0.000000 0.000000 1.000000
0.368066 0.428423 0.867460 0.000000 0.000000 0.000000 1.000000
0.793538 0.181706 0.441212 0.000000 0.000000 0.000000 1.000000
0.152027 0.013429 0.859875 0.000000 0.000000 0.000000 1.000000
0.308084 0.788292 0.634857 0.000000 0.000000 0.000000 1.000000
0.580256 0.656632 0.869076 0.000000 0.000000 0.000000 1.000000
0.981535 0.669426 0.557203 0.000000 0.000000 0.000000 1.000000
0.510367 0.439142 0.532516 0.000000 0.000000 0.000000 1.000000
0.691291 0.799525 0.156869 0.000000 0.000000 0.000000 1.000000
0.345551 0.676385 0.972207 0.000000 0.000000 0.000000 1.000000
0.118623 0.991781 0.778570 0.000000 0.000000 0.000000 1.000000
0.684407 0.901211 0.336046 0.000000 0.000000 0.000000 1.000000
0.172483 0.203185 0.139684 0.000000 0.000000 0.000000 1.000000
0.598508 0.975445 0.151619 0.000000 0.000000 0.000000 1.000000
0.062589 0.144924 0.646964 0.000000 0.000000 0.000000 1.000000
0.263280 0.687396 0.357277 0.000000 0.000000 0.000000 1.000000
0.133256 0.746692 0.917811 0.000000 0.000000 0.000000 1.000000
0.847051 0.350642 0.585665 0.000000 0.000000 0.000000 1.000000
0.018190 0.657226 0.479987 0.000000 0.000000 0.000000 1.000000
0.455727 0.880548 0.543636 0.000000 0.000000 0.000000 1.000000
0.960253 0.124914 0.356688 0.000000 0.000000 0.000000 1.000000
0.113220 0.002054 0.884364 0.000000 0.000000 0.000000 1.000000
0.579894 0.389499 0.356212 0.000000 0.000000 0.000000 1.000000
0.781880 0.119877 0.308006 0.000000 0.000000 0.000000 1.000000
0.693852 0.714680 0.497991 0.000000 0.000000 0.000000 1.000000
0.390087 0.341693 0.792318 0.000000 0.000000 0.000000 1.000000
0.260807 0.912578 0.115796 0.000000 0.000000 0.000000 1.000000
0.199944 0.730892 0.001725 0.000000 0.000000 0.000000 1.000000
0.950504 0.439024 0.047868 0.000000 0.000000 0.000000 1.000000
0.052768 0.465306 0.674134 0.000000 0.000000 0.000000 1.000000
0.961087 0.719258 0.009834 0.000000 0.000000 0.000000 1.000000
0.714800 0.017326 0.704643 0.000000 0.000000 0.000000 1.000000
0.904366 0.278203 0.693979 0.000000 0.000000 0.000000 1.000000
0.579055 0.453050 0.358964 0.000000 0.000000 0.000000 1.000000
0.225388 0.495147 0.550408 0.000000 0.000000 0.000000 1.000000
0.215945 0.056353 0.107727 0.000000 0.000000 0.000000 1.000000
0.340999 0.614553 0.625428 0.000000 0.000000 0.000000 1.000000
0.346505 0.761992 0.967194 0.000000 0.000000 0.000000 1.000000
0.887932 0.605733 0.653546 0.000000 0.000000 0.000000 1.000000
0.852227 0.030518 0.872954 0.000000 0.000000 0.000000 1.000000
0.763057 0.567692 0.005986 0.000000 0.000000 0.000000 1.000000
0.923510 0.494263 0.576551 0.000000 0.000000 0.000000 1.000000
0.325446 0.817322 0.716110 0.000000 0.000000 0.000000 1.000000
0.674907 0.943582 0.739155 0.000000 0.000000 0.000000 1.000000
0.923020 0.137989 0.134416 0.000000 0.000000 0.000000 1.000000
0.400196 0.448779 0.978445 0.000000 0.000000 0.000000 1.000000
0.729151 0.496348 0.804615 0.000000 0.000000 0.000000 1.000000
0.802164 0.355868 0.424036 0.000000 0.000000 0.000000 1.000000
0.237069 0.182709 0.017580 0.000000 0.000000 0.000000 1.000000
0.837863 0.840882 0.730963 0.000000 0.000000 0.000000 1.000000
0.743552 0.862635 0.656716 0.000000 0.000000 0.000000 1.000000
0.918945 0.848500 0.464733 0.000000 0.000000 0.000000 1.000000
0.526314 0.846521 0.211787 0.000000 0.000000 0.000000 1.000000
0.112844 0.082474 0.959486 0.000000 0.000000 0.000000 1.000000
0.158035 0.510230 0.553511 0.000000 0.000000 0.000000 1.000000
0.221365 0.037154 0.355261 0.000000 0.000000 0.000000 1.000000
0.514620 0.803605 0.351778 0.000000 0.000000 0.000000 1.000000
0.307800 0.023493 0.514899 0.000000 0.000000 0.000000 1.000000
0.643905 0.625223 0.635005 0.000000 0.000000 0.000000 1.000000
0.261967 0.441708 0.946951 0.000000 0.000000 0.000000 1.000000
0.409613 0.800178 0.000598 0.000000 0.000000 0.000000 1.000000
0.552856 0.403239 0.947340 0.000000 0.000000 0.000000 1.000000
0.691183 0.228370 0.428403 0.000000 0.000000 0.000000 1.000000
0.023027 0.766275 0.561261 0.000000 0.000000 0.000000 1.000000
0.110963 0.139078 0.386114 0.000000 0.000000 0.000000 1.000000
0.466582 0.355621 0.753166 0.000000 0.000000 0.000000 1.000000
0.911143 0.268274 0.536814 0.000000 0.000000 0.000000 1.000000
0.192523 0.435619 0.498228 0.000000 0.000000 0.000000 1.000000
0.152046 0.551630 0.297744 0.000000 0.000000 0.000000 1.000000
0.023568 0.379312 0.600476 0.000000 0.000000 0.000000 1.000000
0.061471 0.429060 0.104649 0.000000 0.000000 0.000000 1.000000
0.442058 0.040779 0.605876 0.000000 0.000000 0.000000 1.000000
0.087427 0.337065 0.663701 0.000000 0.000000 0.000000 1.000000
0.252243 0.756422 0.706510 0.000000 0.000000 0.000000 1.000000
0.027990 0.086931 0.604310 0.000000 0.000000 0.000000 1.000000
0.170591 0.404357 0.708974 0.000000 0.000000 0.000000 1.000000
0.372356 0.104574 0.131520 0.000000 0.000000 0.000000 1.000000
0.333684 0.467645 0.951456 0.000000 0.000000 0.000000 1.000000
0.063200 0.294949 0.495026 0.000000 0.000000 0.000000 1.000000
0.267620 0.780084 0.389536 0.000000 0.000000 0.000000 1.000000
0.101390 0.033352 0.190841 0.000000 0.000000 0.000000 1.000000
0.376976 0.522463 0.932239 0.000000 0.000000 0.000000 1.000000
0.341197 0.207562 0.422288 0.000000 0.000000 0.000000 1.000000
0.291805 0.324765 0.870866 0.000000 0.000000 0.000000 1.000000
0.576331 0.873906 0.338124 0.000000 0.000000 0.000000 1.000000
0.629586 0.625616 0.344097 0.000000 0.000000 0.000000 1.000000
0.439678 0.463389 0.061289 0.000000 0.000000 0.000000 1.000000
0.693644 0.785964 0.272949 0.000000 0.000000 0.000000 1.000000
0.310546 0.254881 0.391674 0.000000 0.000000 0.000000 1.000000
0.252626 0.891582 0.816437 0.000000 0.000000 0.000000 1.000000
0.440404 0.765716 0.005231 0.000000 0.000000 0.000000 1.000000
0.102581 0.642700 0.778508 0.000000 0.000000 0.000000 1.000000
0.854867 0.091649 0.952954 0.000000 0.000000 0.000000 1.000000
0.164558 0.900952 0.351813 0.000000 0.000000 0.000000 1.000000
0.532779 0.638810 0.476220 0.000000 0.000000 0.000000 1.000000
0.179767 0.904737 0.096732 0.000000 0.000000 0.000000 1.000000
0.397671 0.354612 0.108493 0.000000 0.000000 0.000000 1.000000
0.067347 0.828748 0.679603 0.000000 0.000000 0.000000 1.000000
0.073215 0.077753 0.743449 0.000000 0.000000 0.000000 1.000000
0.456273 0.481618 0.256386 0.000000 0.000000 0.000000 1.000000
0.888268 0.232702 0.489250 0.000000 0.000000 0.000000 1.000000
0.777014 0.451666 0.476291 0.000000 0.000000 0.000000 1.000000
0.688796 0.842096 0.507690 0.000000 0.000000 0.000000 1.000000
0.308241 0.755542 0.537300 0.000000 0.000000 0.000000 1.000000
0.527871 0.659752 0.031131 0.000000 0.000000 0.000000 1.000000
0.738458 0.596767 0.985982 0.000000 0.000000 0.000000 1.000000
0.453873 0.555516 0.117781 0.000000 0.000000 0.000000 1.000000
0.145149 0.646550 0.328857 0.000000 0.000000 0.000000 1.000000
0.078962 0.883515 0.686668 0.000000 0.000000 0.000000 1.000000
0.766340 0.815286 0.679411 0.000000 0.000000 0.000000 1.000000
0.178214 0.161617 0.160742 0.000000 0.000000 0.000000 1.000000
0.875767 0.309607 0.716479 0.000000 0.000000 0.000000 1.000000
0.264375 0.564973 0.093500 0.000000 0.000000 0.000000 1.000000
0.806467 0.375545 0.144587 0.000000 0.000000 0.000000 1.000000
0.717247 0.538921 0.662494 0.000000 0.000000 0.000000 1.000000
0.266471 0.432683 0.409381 0.000000 0.000000 0.000000 1.000000
0.124523 0.510734 0.095233 0.000000 0.000000 0.000000 1.000000
0.658122 0.257849 0.587094 0.000000 0.000000 0.000000 1.000000
0.795653 0.234182 0.084190 0.000000 0.000000 0.000000 1.000000
0.248609 0.011213 0.938623 0.000000 0.000000 0.000000 1.000000
0.855316 0.237476 0.764528 0.000000 0.000000 0.000000 1.000000
0.845986 0.754447 0.722931 0.000000 0.000000 0.000000 1.000000
0.723218 0.040633 0.983296 0.000000 0.000000 0.000000 1.000000
0.398912 0.747726 0.472277 0.000000 0.000000 0.000000 1.000000
0.336631 0.052147 0.081215 0.000000 0.000000 0.000000 1.000000
0.533317 0.268955 0.096795 0.000000 0.000000 0.000000 1.000000
0.751353 0.277889 0.382050 0.000000 0.000000 0.000000 1.000000
0.683566 0.658647 0.247803 0.000000 0.000000 0.000000 1.000000
0.443519 0.138640 0.938121 0.000000 0.000000 0.000000 1.000000
0.287489 0.097424 0.527619 0.000000 0.000000 0.000000 1.000000
0.904104 0.337229 0.160750 0.000000 0.000000 0.000000 1.000000
0.227558 0.429850 0.433349 0.000000 0.000000 0.000000 1.000000
0.596703 0.136691 0.405007 0.000000 0.000000 0.000000 1.000000
0.672182 0.149162 0.496057 0.000000 0.000000 0.000000 1.000000
0.886894 0.520696 0.569018 0.000000 0.000000 0.000000 1.000000
0.305099 0.637206 0.896722 0.000000 0.000000 0.000000 1.000000
0.182665 0.257744 0.653061 0.000000 0.000000 0.000000 1.000000
0.056685 0.672923 0.382008 0.000000 0.000000 0.000000 1.000000
0.837518 0.801513 0.888004 0.000000 0.000000 0.000000 1.000000
0.095394 0.240722 0.466459 0.000000 0.000000 0.000000 1.000000
0.704997 0.234021 0.059027 0.000000 0.000000 0.000000 1.000000
0.411626 0.611671 0.745035 0.000000 0.000000 0.000000 1.000000
0.902261 0.728380 0.007902 0.000000 0.000000 0.000000 1.000000
0.016212 0.433541 0.696781 0.000000 0.000000 0.000000 1.000000
0.817788 0.405282 0.272310 0.000000 0.000000 0.000000 1.000000
0.832765 0.897188 0.773006 0.000000 0.000000 0.000000 1.000000
0.661155 0.356694 0.919652 0.000000 0.000000 0.000000 1.000000
0.340176 0.460802 0.845574 0.000000 0.000000 0.000000 1.000000
0.804220 0.893208 0.597312 0.000000 0.000000 0.000000 1.000000
0.383471 0.028055 0.282551 0.000000 0.000000 0.000000 1.000000
0.588754 0.946790 0.388002 0.000000 0.000000 0.000000 1.000000
0.121854 0.768717 0.195620 0.000000 0.000000 0.000000 1.000000
0.703366 0.121107 0.896361 0.000000 0.000000 0.000000 1.000000
0.894054 0.743717 0.334700 0.000000 0.000000 0.000000 1.000000
0.074966 0.631437 0.023153 0.000000 0.000000 0.000000 1.000000
0.499800 0.345231 0.508860 0.000000 0.000000 0.000000 1.000000
0.444977 0.982780 0.226972 0.000000 0.000000 0.000000 1.000000
0.486978 0.486121 0.459289 0.000000 0.000000 0.000000 1.000000
0.042621 0.471488 0.715948 0.000000 0.000000 0.000000 1.000000
0.190688 0.015041 0.810749 0.000000 0.000000 0.000000 1.000000
0.274111 0.844556 0.531626 0.000000 0.000000 0.000000 1.000000
0.208104 0.878691 0.484908 0.000000 0.000000 0.000000 1.000000
0.817385 0.467202 0.325945 0.000000 0.000000 0.000000 1.000000
0.486462 0.572150 0.064305 0.000000 0.000000 0.000000 1.000000
0.651007 0.488516 0.251596 0.000000 0.000000 0.000000 1.000000
0.809718 0.299637 0.089670 0.000000 0.000000 0.000000 1.000000
0.966458 0.848739 0.063753 0.000000 0.000000 0.000000 1.000000
0.738890 0.615266 0.040171 0.000000 0.000000 0.000000 1.000000
0.142777 0.207849 0.626331 0.000000 0.000000 0.000000 1.000000
0.936053 0.396931 0.793245 0.000000 0.000000 0.000000 1.000000
0.293657 0.104208 0.586154 0.000000 0.000000 0.000000 1.000000
0.245771 0.345956 0.445631 0.000000 0.000000 0.000000 1.000000
0.128076 0.124356 0.170778 0.000000 0.000000 0.000000 1.000000
0.442289 0.156130 0.041100 0.000000 0.000000 0.000000 1.000000
0.302368 0.561697 0.954791 0.000000 0.000000 0.000000 1.000000
0.200451 0.898946 0.811943 0.000000 0.000000 0.000000 1.000000
0.396416 0.808448 0.292065 0.000000 0.000000 0.000000 1.000000
0.301462 0.795169 0.328370 0.000000 0.000000 0.000000 1.000000
0.798458 0.329107 0.042721 0.000000 0.000000 0.000000 1.000000
0.240905 0.550588 0.782096 0.000000 0.000000 0.000000 1.000000
0.138697 0.572981 0.559559 0.000000 0.000000 0.000000 1.000000
0.178694 0.741076 0.775520 0.000000 0.000000 0.000000 1.000000
0.062596 0.166999 0.827149 0.000000 0.000000 0.000000 1.000000
0.777743 0.105737 0.630557 0.000000 0.000000 0.000000 1.000000
0.425950 0.876651 0.394469 0.000000 0.000000 0.000000 1.000000
0.293384 0.278156 0.313048 0.000000 0.000000 0.000000 1.000000
0.001297 0.543004 0.070828 0.000000 0.000000 0.000000 1.000000
0.905045 0.446021 0.370273 0.000000 0.000000 0.000000 1.000000
0.256247 0.129471 0.095866 0.000000 0.000000 0.000000 1.000000
0.242625 0.452349 0.600147 0.000000 0.000000 0.000000 1.000000
0.613422 0.385883 0.681309 0.000000 0.000000 0.000000 1.000000
0.760338 0.419385 0.049984 0.000000 0.000000 0.000000 1.000000
0.195668 0.851708 0.293281 0.000000 0.000000 0.000000 1.000000
0.462229 0.801459 0.619026 0.000000 0.000000 0.000000 1.000000
0.250944 0.810601 0.393868 0.000000 0.000000 0.000000 1.000000
0.912306 0.328003 0.296071 0.000000 0.000000 0.000000 1.000000
0.995060 0.660591 0.448371 0.000000 0.000000 0.000000 1.000000
0.195504 0.273972 0.051499 0.000000 0.000000 0.000000 1.000000
0.534106 0.891885 0.530874 0.000000 0.000000 0.000000 1.000000
0.662274 0.031487 0.919018 0.000000 0.000000 0.000000 1.000000
0.981051 0.681654 0.930781 0.000000 0.000000 0.000000 1.000000
0.069779 0.703660 0.385260 0.000000 0.000000 0.000000 1.000000
0.115472 0.806921 0.253245 0.000000 0.000000 0.000000 1.000000
0.337548 0.590430 0.389227 0.000000 0.000000 0.000000 1.000000
0.106874 0.737127 0.929733 0.000000 0.000000 0.000000 1.000000
0.287444 0.326340 0.872996 0.000000 0.000000 0.000000 1.000000
0.921816 0.252330 0.760731 0.000000 0.000000 0.000000 1.000000
0.879491 0.729916 0.776705 0.000000 0.000000 0.000000 1.000000
0.501217 0.028448 0.105488 0.000000 0.000000 0.000000 1.000000
0.497581 0.641183 0.784960 0.000000 0.000000 0.000000 1.000000
0.537321 0.465989 0.493080 0.000000 0.000000 0.000000 1.000000
0.037365 0.096078 0.311628 0.000000 0.000000 0.000000 1.000000
0.486974 0.733876 0.859328 0.000000 0.000000 0.000000 1.000000
0.671716 0.620098 0.013232 0.000000 0.000000 0.000000 1.000000
0.209805 0.709983 0.034228 0.000000 0.000000 0.000000 1.000000
0.783237 0.076583 0.421843 0.000000 0.000000 0.000000 1.000000
0.111950 0.209822 0.412716 0.000000 0.000000 0.000000 1.000000
0.350320 0.278684 0.317694 0.000000 0.000000 0.000000 1.000000
0.089009 0.784134 0.122913 0.000000 0.000000 0.000000 1.000000
0.613298 0.526630 0.982298 0.000000 0.000000 0.000000 1.000000
0.363219 0.896037 0.807600 0.000000 0.000000 0.000000 1.000000
0.092773 0.681557 0.128719 0.000000 0.000000 0.000000 1.000000
0.978481 0.747739 0.499998 0.000000 0.000000 0.000000 1.000000
0.895223 0.117500 0.288518 0.000000 0.000000 0.000000 1.000000
0.608439 0.396955 0.794293 0.000000 0.000000 0.000000 1.000000
0.160507 0.527272 0.750308 0.000000 0.000000 0.000000 1.000000
0.692917 0.685459 0.834714 0.000000 0.000000 0.000000 1.000000
0.684718 0.560815 0.748904 0.000000 0.000000 0.000000 1.000000
0.685869 0.481351 0.316120 0.000000 0.000000 0.000000 1.000000
0.599900 0.930399 0.180352 0.000000 0.000000 0.000000 1.000000
0.162800 0.701553 0.611171 0.000000 0.000000 0.000000 1.000000
0.085084 0.807207 0.939703 0.000000 0.000000 0.000000 1.000000
0.535027 0.510138 0.980998 0.000000 0.000000 0.000000 1.000000
0.916577 0.244403 0.701680 0.000000 0.000000 0.000000 1.000000
0.353011 0.282155 0.730607 0.000000 0.000000 0.000000 1.000000
0.046794 0.339111 0.891781 0.000000 0.000000 0.000000 1.000000
0.616682 0.096870 0.796534 0.000000 0.000000 0.000000 1.000000
0.760796 0.707383 0.311237 0.000000 0.000000 0.000000 1.000000
0.434719 0.353036 0.728773 0.000000 0.000000 0.000000 1.000000
0.333757 0.009944 0.523450 0.000000 0.000000 0.000000 1.000000
0.180425 0.325895 0.951949 0.000000 0.000000 0.000000 1.000000
0.858024 0.247303 0.260002 0.000000 0.000000 0.000000 1.000000
0.653527 0.318364 0.282427 0.000000 0.000000 0.000000 1.000000
0.571766 0.636787 0.221941 0.000000 0.000000 0.000000 1.000000
0.334618 0.817096 0.067692 0.000000 0.000000 0.000000 1.000000
0.268031 0.594272 0.254999 0.000000 0.000000 0.000000 1.000000
0.448367 0.532937 0.143332 0.000000 0.000000 0.000000 1.000000
0.981647 0.823618 0.569060 0.000000 0.000000 0.000000 1.000000
0.514273 0.047837 0.284945 0.000000 0.000000 0.000000 1.000000
0.351345 0.232295 0.387158 0.000000 0.000000 0.000000 1.000000
0.796687 0.188326 0.070902 0.000000 0.000000 0.000000 1.000000
0.913433 0.341622 0.667239 0.000000 0.000000 0.000000 1.000000
0.781882 0.709780 0.319743 0.000000 0.000000 0.000000 1.000000
0.345045 0.588838 0.464713 0.000000 0.000000 0.000000 1.000000
0.113219 0.565110 0.401272 0.000000 0.000000 0.000000 1.000000
0.748497 0.161560 0.885558 0.000000 0.000000 0.000000 1.000000
0.992462 0.747961 0.589554 0.000000 0.000000 0.000000 1.000000
0.509858 0.096464 0.933531 0.000000 0.000000 0.000000 1.000000
0.206769 0.424111 0.723220 0.000000 0.000000 0.000000 1.000000
0.601482 0.909724 0.804759 0.000000 0.000000 0.000000 1.000000
0.203507 0.645186 0.166227 0.000000 0.000000 0.000000 1.000000
0.052111 0.858780 0.100610 0.000000 0.000000 0.000000 1.000000
0.000512 0.780476 0.612409 0.000000 0.000000 0.000000 1.000000
0.136359 0.829896 0.403851 0.000000 0.000000 0.000000 1.000000
0.168662 0.316083 0.614880 0.000000 0.000000 0.000000 1.000000
0.878546 0.895570 0.335917 0.000000 0.000000 0.000000 1.000000
0.350174 0.693815 0.847580 0.000000 0.000000 0.000000 1.000000
0.102845 0.321602 0.385513 0.000000 0.000000 0.000000 1.000000
0.471943 0.817776 0.304120 0.000000 0.000000 0.000000 1.000000
0.201546 0.185187 0.394945 0.000000 0.000000 0.000000 1.000000
0.611222 0.411747 0.001219 0.000000 0.000000 0.000000 1.000000
0.175454 0.478487 0.423980 0.000000 0.000000 0.000000 1.000000
0.824108 0.753014 0.339728 0.000000 0.000000 0.000000 1.000000
0.924466 0.481081 0.083955 0.000000 0.000000 0.000000 1.000000
0.125692 0.277799 0.807011 0.000000 0.000000 0.000000 1.000000
0.525967 0.278134 0.154043 0.000000 0.000000 0.000000 1.000000
0.928039 0.092833 0.353988 0.000000 0.000000 0.000000 1.000000
0.206181 0.931284 0.600494 0.000000 0.000000 0.000000 1.000000
0.783461 0.286581 0.114815 0.000000 0.000000 0.000000 1.000000
0.809374 0.824502 0.075393 0.000000 0.000000 0.000000 1.000000
0.213115 0.165462 0.296791 0.000000 0.000000 0.000000 1.000000
0.185605 0.171727 0.273164 0.000000 0.000000 0.000000 1.000000
0.070619 0.301248 0.213927 0.000000 0.000000 0.000000 1.000000
0.179776 0.808603 0.105073 0.000000 0.000000 0.000000 1.000000
0.634147 0.691842 0.971416 0.000000 0.000000 0.000000 1.000000
0.347530 0.511719 0.809426 0.000000 0.000000 0.000000 1.000000
0.656353 0.377540 0.717769 0.000000 0.000000 0.000000 1.000000
0.725862 0.693192 0.389635 0.000000 0.000000 0.000000 1.000000
0.248529 0.079170 0.971588 0.000000 0.000000 0.000000 1.000000
0.965892 0.467528 0.568230 0.000000 0.000000 0.000000 1.000000
0.974995 0.993115 0.664116 0.000000 0.000000 0.000000 1.000000
0.959885 0.043790 0.320175 0.000000 0.000000 0.000000 1.000000
0.963910 0.901344 0.720508 0.000000 0.000000 0.000000 1.000000
0.671363 0.516348 0.337260 0.000000 0.000000 0.000000 1.000000
0.178811 0.219975 0.876086 0.000000 0.000000 0.000000 1.000000
0.715494 0.384092 0.830183 0.000000 0.000000 0.000000 1.000000
0.602172 0.247030 0.728817 0.000000 0.000000 0.000000 1.000000
0.918280 0.842476 0.066711 0.000000 0.000000 0.000000 1.000000
0.362573 0.019732 0.805776 0.000000 0.000000 0.000000 1.000000
0.470919 0.998386 0.044896 0.000000 0.000000 0.000000 1.000000
0.381300 0.871045 0.700391 0.000000 0.000000 0.000000 1.000000
0.262548 0.652239 0.890281 0.000000 0.000000 0.000000 1.000000
0.041550 0.996303 0.606832 0.000000 0.000000 0.000000 1.000000
0.969593 0.892013 0.634131 0.000000 0.000000 0.000000 1.000000
0.613707 0.226346 0.816805 0.000000 0.000000 0.000000 1.000000
0.534116 0.836518 0.816531 0.000000 0.000000 0.000000 1.000000
0.663626 0.125233 0.611610 0.000000 0.000000 0.000000 1.000000
0.741846 0.593774 0.476104 0.000000 0.000000 0.000000 1.000000
0.649870 0.579903 0.098962 0.000000 0.000000 0.000000 1.000000
0.828303 0.628257 0.359311 0.000000 0.000000 0.000000 1.000000
0.007073 0.099807 0.930094 0.000000 0.000000 0.000000 1.000000
0.471496 0.560617 0.822852 0.000000 0.000000 0.000000 1.000000
0.171528 0.961468 0.596125 0.000000 0.000000 0.000000 1.000000
0.915713 0.769438 0.397571 0.000000 0.000000 0.000000 1.000000
0.133627 0.759635 0.586530 0.000000 0.000000 0.000000 1.000000
0.607670 0.014054 0.648998 0.000000 0.000000 0.000000 1.000000
0.759526 0.121794 0.616429 0.000000 0.000000 0.000000 1.000000
0.420635 0.494497 0.027586 0.000000 0.000000 0.000000 1.000000
0.112968 0.085885 0.618866 0.000000 0.000000 0.000000 1.000000
0.735814 0.626728 0.485890 0.000000 0.000000 0.000000 1.000000
0.117637 0.750702 0.367139 0.000000 0.000000 0.000000 1.000000
0.040366 0.974807 0.027045 0.000000 0.000000 0.000000 1.000000
0.776610 0.474154 0.917220 0.000000 0.000000 0.000000 1.000000
0.452121 0.038980 0.596530 0.000000 0.000000 0.000000 1.000000
0.328781 0.174291 0.796705 0.000000 0.000000 0.000000 1.000000
0.986321 0.334134 0.211029 0.000000 0.000000 0.000000 1.000000
0.017432 0.896265 0.677421 0.000000 0.000000 0.000000 1.000000
0.121125 0.478149 0.502563 0.000000 0.000000 0.000000 1.000000
0.685038 0.806535 0.098867 0.000000 0.000000 0.000000 1.000000
0.187247 0.565768 0.711313 0.000000 0.000000 0.000000 1.000000
0.303851 0.721976 0.909316 0.000000 0.000000 0.000000 1.000000
0.985671 0.044257 0.399578 0.000000 0.000000 0.000000 1.000000
0.739802 0.319846 0.234802 0.000000 0.000000 0.000000 1.000000
0.416484 0.043845 0.842168 0.000000 0.000000 0.000000 1.000000
0.923980 0.884281 0.996496 0.000000 0.000000 0.000000 1.000000
0.678494 0.938766 0.937857 0.000000 0.000000 0.000000 1.000000
0.609611 0.141300 0.417105 0.000000 0.000000 0.000000 1.000000
0.053398 0.806958 0.908545 0.000000 0.000000 0.000000 1.000000
0.963305 0.687263 0.094064 0.000000 0.000000 0.000000 1.000000
0.292286 0.440341 0.715697 0.000000 0.000000 0.000000 1.000000
0.797215 0.629418 0.589057 0.000000 0.000000 0.000000 1.000000
0.308284 0.121691 0.245312 0.000000 0.000000 0.000000 1.000000
0.974594 0.905311 0.054834 0.000000 0.000000 0.000000 1.000000
0.480499 0.047116 0.926296 0.000000 0.000000 0.000000 1.000000
0.678964 0.580374 0.483894 0.000000 0.000000 0.000000 1.000000
0.591584 0.372415 0.113682 0.000000 0.000000 0.000000 1.000000
0.801995 0.069450 0.401334 0.000000 0.000000 0.000000 1.000000
0.364797 0.478602 0.584068 0.000000 0.000000 0.000000 1.000000
0.605947 0.514012 0.737924 0.000000 0.000000 0.000000 1.000000
0.819334 0.263344 0.741160 0.000000 0.000000 0.000000 1.000000
0.694390 0.762248 0.839141 0.000000 0.000000 0.000000 1.000000
0.625085 0.567508 0.889725 0.000000 0.000000 0.000000 1.000000
0.544684 0.280204 0.271198 0.000000 0.000000 0.000000 1.000000
0.103419 0.369052 0.142647 0.000000 0.000000 0.000000 1.000000
0.084821 0.490378 0.021300 0.000000 0.000000 0.000000 1.000000
0.140740 0.189054 0.506606 0.000000 0.000000 0.000000 1.000000
0.425016 0.086352 0.694547 0.000000 0.000000 0.000000 1.000000
0.172591 0.598217 0.124858 0.000000 0.000000 0.000000 1.000000
0.976237 0.614160 0.332941 0.000000 0.000000 0.000000 1.000000
0.319796 0.263484 0.897524 0.000000 0.000000 0.000000 1.000000
0.267145 0.274993 0.019343 0.000000 0.000000 0.000000 1.000000
0.196298 0.505788 0.089119 0.000000 0.000000 0.000000 1.000000
0.641333 0.573317 0.519053 0.000000 0.000000 0.000000 1.000000
0.020813 0.663862 0.544354 0.000000 0.000000 0.000000 1.000000
0.426982 0.648416 0.017907 0.000000 0.000000 0.000000 1.000000
0.200276 0.996409 0.794478 0.000000 0.000000 0.000000 1.000000
0.788047 0.091288 0.743777 0.000000 0.000000 0.000000 1.000000
0.028154 0.759992 0.058506 0.000000 0.000000 0.000000 1.000000
0.115150 0.535042 0.515077 0.000000 0.000000 0.000000 1.000000
0.100930 0.838605 0.070479 0.000000 0.000000 0.000000 1.000000
0.055639 0.854787 0.962686 0.000000 0.000000 0.000000 1.000000
0.436526 0.783810 0.592922 0.000000 0.000000 0.000000 1.000000
0.196913 0.004259 0.965958 0.000000 0.000000 0.000000 1.000000
0.390568 0.482963 0.740983 0.000000 0.000000 0.000000 1.000000
0.060010 0.020698 0.751145 0.000000 0.000000 0.000000 1.000000
0.978114 0.112216 0.986796 0.000000 0.000000 0.000000 1.000000
0.902552 0.892049 0.033108 0.000000 0.000000 0.000000 1.000000
0.817149 0.647770 0.912154 0.000000 0.000000 0.000000 1.000000
0.426527 0.930740 0.097467 0.000000 0.000000 0.000000 1.000000
0.699682 0.071659 0.958613 0.000000 0.000000 0.000000 1.000000
0.894932 0.089031 0.220225 0.000000 0.000000 0.000000 1.000000
0.723522 0.026373 0.450645 0.000000 0.000000 0.000000 1.000000
0.793486 0.889675 0.677109 0.000000 0.000000 0.000000 1.000000
0.268936 0.193909 0.783399 0.000000 0.000000 0.000000 1.000000
0.398649 0.085039 0.092993 0.000000 0.000000 0.000000 1.000000
0.189706 0.813157 0.122133 0.000000 0.000000 0.000000 1.000000
0.962019 0.803244 0.629538 0.000000 0.000000 0.000000 1.000000
0.071442 0.425065 0.693529 0.000000 0.000000 0.000000 1.000000
0.227946 0.260149 0.052356 0.000000 0.000000 0.000000 1.000000
0.162701 0.166102 0.488682 0.000000 0.000000 0.000000 1.000000
0.235659 0.464447 0.262562 0.000000 0.000000 0.000000 1.000000
0.940642 0.903624 0.706101 0.000000 0.000000 0.000000 1.000000
0.834269 0.249547 0.412401 0.000000 0.000000 0.000000 1.000000
0.004874 0.280689 0.745730 0.000000 0.000000 0.000000 1.000000
0.267137 0.654566 0.004594 0.000000 0.000000 0.000000 1.000000
0.449763 0.943555 0.544696 0.000000 0.000000 0.000000 1.000000
0.419957 0.505577 0.709873 0.000000 0.000000 0.000000 1.000000
0.944661 0.714539 0.669978 0.000000 0.000000 0.000000 1.000000
0.934758 0.279241 0.604238 0.000000 0.000000 0.000000 1.000000
0.742345 0.923597 0.199410 0.000000 0.000000 0.000000 1.000000
0.299982 0.489914 0.587903 0.000000 0.000000 0.000000 1.000000
0.325636 0.820580 0.468652 0.000000 0.000000 0.000000 1.000000
0.853364 0.208256 0.361799 0.000000 0.000000 0.000000 1.000000
0.231377 0.796490 0.681132 0.000000 0.000000 0.000000 1.000000
0.525708 0.878092 0.948690 0.000000 0.000000 0.000000 1.000000
0.002937 0.610110 0.998217 0.000000 0.000000 0.000000 1.000000
0.354722 0.622015 0.868282 0.000000 0.000000 0.000000 1.000000
0.602956 0.184327 0.685404 0.000000 0.000000 0.000000 1.000000
0.997604 0.433382 0.685820 0.000000 0.000000 0.000000 1.000000
0.922380 0.682229 0.747086 0.000000 0.000000 0.000000 1.000000
0.665422 0.850225 0.401534 0.000000 0.000000 0.000000 1.000000
0.234844 0.721142 0.849368 0.000000 0.000000 0.000000 1.000000
0.752787 0.922379 0.880226 0.000000 0.000000 0.000000 1.000000
0.288777 0.740405 0.172884 0.000000 0.000000 0.000000 1.000000
0.342393 0.699985 0.721995 0.000000 0.000000 0.000000 1.000000
0.456922 0.181282 0.227437 0.000000 0.000000 0.000000 1.000000
0.324934 0.617276 0.614277 0.000000 0.000000 0.000000 1.000000
0.115541 0.768424 0.366738 0.000000 0.000000 0.000000 1.000000
0.576067 0.125860 0.166904 0.000000 0.000000 0.000000 1.000000
0.987590 0.803308 0.959635 0.000000 0.000000 0.000000 1.000000
0.052651 0.827330 0.246536 0.000000 0.000000 0.000000 1.000000
0.358654 0.010109 0.186052 0.000000 0.000000 0.000000 1.000000
0.423441 0.010148 0.966424 0.000000 0.000000 0.000000 1.000000
0.411188 0.404530 0.111067 0.000000 0.000000 0.000000 1.000000
0.992675 0.060935 0.804983 0.000000 0.000000 0.000000 1.000000
0.604726 0.516297 0.444142 0.000000 0.000000 0.000000 1.000000
0.304714 0.645676 0.987579 0.000000 0.000000 0.000000 1.000000
0.407743 0.738173 0.148703 0.000000 0.000000 0.000000 1.000000
0.710740 0.442619 0.966164 0.000000 0.000000 0.000000 1.000000
0.702822 0.055511 0.400158 0.000000 0.000000 0.000000 1.000000
0.666220 0.743902 0.432675 0.000000 0.000000 0.000000 1.000000
0.709609 0.458979 0.387951 0.000000 0.000000 0.000000 1.000000
0.361778 0.915459 0.097702 0.000000 0.000000 0.000000 1.000000
0.893783 0.099109 0.535368 0.000000 0.000000 0.000000 1.000000
0.085903 0.698601 0.269410 0.000000 0.000000 0.000000 1.000000
0.739827 0.013828 0.402660 0.000000 0.000000 0.000000 1.000000
0.191642 0.230298 0.242972 0.000000 0.000000 0.000000 1.000000
0.800454 0.363795 0.837408 0.000000 0.000000 0.000000 1.000000
0.949407 0.574417 0.855216 0.000000 0.000000 0.000000 1.000000
0.030513 0.916913 0.921018 0.000000 0.000000 0.000000 1.000000
0.721813 0.028887 0.634387 0.000000 0.000000 0.000000 1.000000
0.792362 0.470585 0.220780 0.000000 0.000000 0.000000 1.000000
0.907860 0.502600 0.095112 0.000000 0.000000 0.000000 1.000000
0.229832 0.261219 0.013722 0.000000 0.000000 0.000000 1.000000
0.366535 0.503811 0.107373 0.000000 0.000000 0.000000 1.000000
0.499019 0.321137 0.520461 0.000000 0.000000 0.000000 1.000000
0.944377 0.871268 0.091647 0.000000 0.000000 0.000000 1.000000
0.036042 0.858438 0.428735 0.000000 0.000000 0.000000 1.000000
0.293943 0.619817 0.671962 0.000000 0.000000 0.000000 1.000000
0.668040 0.713045 0.302218 0.000000 0.000000 0.000000 1.000000
0.076889 0.926581 0.525880 0.000000 0.000000 0.000000 1.000000
0.914328 0.253157 0.793407 0.000000 0.000000 0.000000 1.000000
0.776212 0.575547 0.959169 0.000000 0.000000 0.000000 1.000000
0.177719 0.579903 0.947883 0.000000 0.000000 0.000000 1.000000
0.788915 0.914618 0.927038 0.000000 0.000000 0.000000 1.000000
0.944557 0.949505 0.248732 0.000000 0.000000 0.000000 1.000000
0.937308 0.281811 0.457718 0.000000 0.000000 0.000000 1.000000
0.123879 0.832838 0.977806 0.000000 0.000000 0.000000 1.000000
0.418821 0.264928 0.843567 0.000000 0.000000 0.000000 1.000000
0.695946 0.907924 0.654007 0.000000 0.000000 0.000000 1.000000
0.004106 0.488569 0.477455 0.000000 0.000000 0.000000 1.000000
0.308878 0.524819 0.146402 0.000000 0.000000 0.000000 1.000000
0.028223 0.261589 0.414684 0.000000 0.000000 0.000000 1.000000
0.643195 0.269697 0.959569 0.000000 0.000000 0.000000 1.000000
0.507367 0.616482 0.303562 0.000000 0.000000 0.000000 1.000000
0.726261 0.044856 0.433033 0.000000 0.000000 0.000000 1.000000
0.417481 0.177183 0.239855 0.000000 0.000000 0.000000 1.000000
0.789581 0.570423 0.681659 0.000000 0.000000 0.000000 1.000000
0.019473 0.444404 0.795984 0.000000 0.000000 0.000000 1.000000
0.773815 0.718469 0.822536 0.000000 0.000000 0.000000 1.000000
0.464170 0.189708 0.562621 0.000000 0.000000 0.000000 1.000000
0.806227 0.582295 0.295604 0.000000 0.000000 0.000000 1.000000
0.715331 0.186479 0.336905 0.000000 0.000000 0.000000 1.000000
0.176185 0.127228 0.418816 0.000000 0.000000 0.000000 1.000000
0.656114 0.208895 0.640107 0.000000 0.000000 0.000000 1.000000
0.184435 0.024413 0.524890 0.000000 0.000000 0.000000 1.000000
0.399267 0.832739 0.278786 0.000000 0.000000 0.000000 1.000000
0.880651 0.267691 0.600576 0.000000 0.000000 0.000000 1.000000
0.047622 0.505078 0.627355 0.000000 0.000000 0.000000 1.000000
0.717247 0.981824 0.146271 0.000000 0.000000 0.000000 1.000000
0.367371 0.997756 0.563446 0.000000 0.000000 0.000000 1.000000
0.268690 0.326103 0.024340 0.000000 0.000000 0.000000 1.000000
0.818839 0.270178 0.408185 0.000000 0.000000 0.000000 1.000000
0.899186 0.275018 0.437276 0.000000 0.000000 0.000000 1.000000
0.665457 0.877800 0.214240 0.000000 0.000000 0.000000 1.000000
0.447755 0.082072 0.185733 0.000000 0.000000 0.000000 1.000000
0.302829 0.507017 0.717079 0.000000 0.000000 0.000000 1.000000
0.755509 0.455185 0.493649 0.000000 0.000000 0.000000 1.000000
0.508057 0.459055 0.036875 0.000000 0.000000 0.000000 1.000000
0.265753 0.895827 0.214126 0.000000 0.000000 0.000000 1.000000
0.022738 0.833600 0.647331 0.000000 0.000000 0.000000 1.000000
0.218449 0.281651 0.061189 0.000000 0.000000 0.000000 1.000000
0.283779 0.943384 0.735511 0.000000 0.000000 0.000000 1.000000
0.505917 0.675957 0.678905 0.000000 0.000000 0.000000 1.000000
0.446041 0.565171 0.670019 0.000000 0.000000 0.000000 1.000000
0.261624 0.803471 0.970567 0.000000 0.000000 0.000000 1.000000
0.610087 0.278681 0.147579 0.000000 0.000000 0.000000 1.000000
0.676745 0.718163 0.239210 0.000000 0.000000 0.000000 1.000000
0.517917 0.962761 0.979925 0.000000 0.000000 0.000000 1.000000
0.162398 0.730550 0.841611 0.000000 0.000000 0.000000 1.000000
0.215164 0.548558 0.913051 0.000000 0.000000 0.000000 1.000000
0.468824 0.393612 0.714315 0.000000 0.000000 0.000000 1.000000
0.216294 0.833169 0.673865 0.000000 0.000000 0.000000 1.000000
0.325355 0.039589 0.670200 0.000000 0.000000 0.000000 1.000000
0.921991 0.732263 0.192916 0.000000 0.000000 0.000000 1.000000
0.766105 0.324295 0.668649 0.000000 0.000000 0.000000 1.000000
0.860293 0.932495 0.588852 0.000000 0.000000 0.000000 1.000000
0.155881 0.905732 0.097709 0.000000 0.000000 0.000000 1.000000
0.317485 0.312584 0.642772 0.000000 0.000000 0.000000 1.000000
0.189314 0.306726 0.598356 0.000000 0.000000 0.000000 1.000000
0.144707 0.529481 0.112430 0.000000 0.000000 0.000000 1.000000
0.132819 0.010332 0.149597 0.000000 0.000000 0.000000 1.000000
0.217074 0.957595 0.163669 0.000000 0.000000 0.000000 1.000000
0.395444 0.931553 0.762191 0.000000 0.000000 0.000000 1.000000
0.009251 0.435878 0.395871 0.000000 0.000000 0.000000 1.000000
0.757669 0.917432 0.480296 0.000000 0.000000 0.000000 1.000000
0.472800 0.689084 0.005914 0.000000 0.000000 0.000000 1.000000
0.041490 0.756883 0.426257 0.000000 0.000000 0.000000 1.000000
0.854145 0.929894 0.973302 0.000000 0.000000 0.000000 1.000000
0.856751 0.781488 0.150938 0.000000 0.000000 0.000000 1.000000
0.307255 0.662474 0.107412 0.000000 0.000000 0.000000 1.000000
0.397383 0.569531 0.605032 0.000000 0.000000 0.000000 1.000000
0.071450 0.189782 0.006066 0.000000 0.000000 0.000000 1.000000
0.200705 0.845220 0.162974 0.000000 0.000000 0.000000 1.000000
0.703151 0.441693 0.550618 0.000000 0.000000 0.000000 1.000000
0.727359 0.259548 0.113552 0.000000 0.000000 0.000000 1.000000
0.895135 0.234725 0.186953 0.000000 0.000000 0.000000 1.000000
0.892978 0.882031 0.404088 0.000000 0.000000 0.000000 1.000000
0.544041 0.215834 0.986637 0.000000 0.000000 0.000000 1.000000
0.772308 0.176673 0.178102 0.000000 0.000000 0.000000 1.000000
0.903216 0.521160 0.471730 0.000000 0.000000 0.000000 1.000000
0.510121 0.275541 0.810368 0.000000 0.000000 0.000000 1.000000
0.904923 0.206451 0.868653 0.000000 0.000000 0.000000 1.000000
0.277643 0.189986 0.256102 0.000000 0.000000 0.000000 1.000000
0.675510 0.643145 0.736483 0.000000 0.000000 0.000000 1.000000
0.083609 0.100487 0.248985 0.000000 0.000000 0.000000 1.000000
0.478005 0.651566 0.458608 0.000000 0.000000 0.000000 1.000000
0.171445 0.302627 0.979976 0.000000 0.000000 0.000000 1.000000
0.333736 0.236762 0.008089 0.000000 0.000000 0.000000 1.000000
0.639640 0.095629 0.570655 0.000000 0.000000 0.000000 1.000000
0.906684 0.181421 0.735035 0.000000 0.000000 0.000000 1.000000
0.186179 0.022376 0.943909 0.000000 0.000000 0.000000 1.000000
0.138694 0.153433 0.976586 0.000000 0.000000 0.000000 1.000000
0.295467 0.063694 0.929843 0.000000 0.000000 0.000000 1.000000
0.825913 0.214860 0.374589 0.000000 0.000000 0.000000 1.000000
0.398251 0.577921 0.350458 0.000000 0.000000 0.000000 1.000000
0.542471 0.427436 0.715285 0.000000 0.000000 0.000000 1.000000
0.726790 0.620055 0.927092 0.000000 0.000000 0.000000 1.000000
0.690776 0.624884 0.984257 0.000000 0.000000 0.000000 1.000000
0.165478 0.343003 0.848839 0.000000 0.000000 0.000000 1.000000
0.598911 0.034898 0.553787 0.000000 0.000000 0.000000 1.000000
0.951499 0.252717 0.988788 0.000000 0.000000 0.000000 1.000000
0.662531 0.392833 0.433697 0.000000 0.000000 0.000000 1.000000
0.995999 0.513612 0.115938 0.000000 0.000000 0.000000 1.000000
0.270834 0.148482 0.137890 0.000000 0.000000 0.000000 1.000000
0.001965 0.917554 0.462915 0.000000 0.000000 0.000000 1.000000
0.422313 0.906829 0.460283 0.000000 0.000000 0.000000 1.000000
0.574507 0.392504 0.676170 0.000000 0.000000 0.000000 1.000000
0.852108 0.052877 0.376743 0.000000 0.000000 0.000000 1.000000
0.867001 0.139655 0.625301 0.000000 0.000000 0.000000 1.000000
0.681040 0.349240 0.371248 0.000000 0.000000 0.000000 1.000000
0.803476 0.138962 0.960986 0.000000 0.000000 0.000000 1.000000
0.133044 0.174481 0.006060 0.000000 0.000000 0.000000 1.000000
0.808314 0.248447 0.630807 0.000000 0.000000 0.000000 1.000000
0.205726 0.688540 0.567420 0.000000 0.000000 0.000000 1.000000
0.708784 0.083345 0.428946 0.000000 0.000000 0.000000 1.000000
0.032266 0.816507 0.412036 0.000000 0.000000 0.000000 1.000000
0.425977 0.488970 0.294128 0.000000 0.000000 0.000000 1.000000
0.699964 0.938892 0.498468 0.000000 0.000000 0.000000 1.000000
0.245344 0.238620 0.242738 0.000000 0.000000 0.000000 1.000000
0.368672 0.594178 0.911945 0.000000 0.000000 0.000000 1.000000
0.733991 0.186894 0.801377 0.000000 0.000000 0.000000 1.000000
0.466959 0.563496 0.613736 0.000000 0.000000 0.000000 1.000000
0.174738 0.614994 0.925877 0.000000 0.000000 0.000000 1.000000
0.258143 0.948205 0.596187 0.000000 0.000000 0.000000 1.000000
0.199659 0.208196 0.979938 0.000000 0.000000 0.000000 1.000000
0.312779 0.299022 0.194704 0.000000 0.000000 0.000000 1.000000
0.451307 0.010660 0.729323 0.000000 0.000000 0.000000 1.000000
0.506836 0.974373 0.164267 0.000000 0.000000 0.000000 1.000000
0.065519 0.303484 0.141519 0.000000 0.000000 0.000000 1.000000
0.484866 0.932935 0.054846 0.000000 0.000000 0.000000 1.000000
0.689803 0.911717 0.910183 0.000000 0.000000 0.000000 1.000000
0.996038 0.568334 0.991948 0.000000 0.000000 0.000000 1.000000
0.521354 0.473297 0.767093 0.000000 0.000000 0.000000 1.000000
0.449166 0.549702 0.550999 0.000000 0.000000 0.000000 1.000000
0.401928 0.820222 0.153138 0.000000 0.000000 0.000000 1.000000
0.553284 0.688893 0.489415 0.000000 0.000000 0.000000 1.000000
0.345706 0.375194 0.868061 0.000000 0.000000 0.000000 1.000000
0.864968 0.945931 0.851105 0.000000 0.000000 0.000000 1.000000
0.146941 0.640036 0.886036 0.000000 0.000000 0.000000 1.000000
0.926302 0.438191 0.432888 0.000000 0.000000 0.000000 1.000000
0.787383 0.185894 0.558901 0.000000 0.000000 0.000000 1.000000
0.503361 0.205964 0.464190 0.000000 0.000000 0.000000 1.000000
0.599578 0.784598 0.177113 0.000000 0.000000 0.000000 1.000000
0.981223 0.557510 0.194012 0.000000 0.000000 0.000000 1.000000
0.484560 0.237555 0.589530 0.000000 0.000000 0.000000 1.000000
0.186851 0.452786 0.856200 0.000000 0.000000 0.000000 1.000000
0.857576 0.644172 0.110910 0.000000 0.000000 0.000000 1.000000
0.744337 0.229289 0.119079 0.000000 0.000000 0.000000 1.000000
0.836137 0.194319 0.972019 0.000000 0.000000 0.000000 1.000000
0.402355 0.884630 0.756163 0.000000 0.000000 0.000000 1.000000
0.422703 0.275736 0.624065 0.000000 0.000000 0.000000 1.000000
0.451498 0.273547 0.077237 0.000000 0.000000 0.000000 1.000000
0.840705 0.557958 0.773866 0.000000 0.000000 0.000000 1.000000
0.248418 0.900156 0.083412 0.000000 0.000000 0.000000 1.000000
0.486409 0.262802 0.687049 0.000000 0.000000 0.000000 1.000000
0.367191 0.848318 0.962088 0.000000 0.000000 0.000000 1.000000
0.298960 0.989868 0.345913 0.000000 0.000000 0.000000 1.000000
0.214269 0.737182 0.803579 0.000000 0.000000 0.000000 1.000000
0.876418 0.884928 0.214819 0.000000 0.000000 0.000000 1.000000
0.855931 0.145091 0.639978 0.000000 0.000000 0.000000 1.000000
0.992811 0.390532 0.509997 0.000000 0.000000 0.000000 1.000000
0.516562 0.648911 0.488627 0.000000 0.000000 0.000000 1.000000
0.098236 0.337982 0.245480 0.000000 0.000000 0.000000 1.000000
0.840210 0.052148 0.396467 0.000000 0.000000 0.000000 1.000000
0.248390 0.333504 0.068773 0.000000 0.000000 0.000000 1.000000
0.977222 0.478981 0.947795 0.000000 0.000000 0.000000 1.000000
0.787652 0.609139 0.944964 0.000000 0.000000 0.000000 1.000000
0.266476 0.429717 0.777330 0.000000 0.000000 0.000000 1.000000
0.938402 0.737054 0.601261 0.000000 0.000000 0.000000 1.000000
0.615711 0.938802 0.742775 0.000000 0.000000 0.000000 1.000000
0.880955 0.163656 0.915731 0.000000 0.000000 0.000000 1.000000
0.271099 0.201317 0.072653 0.000000 0.000000 0.000000 1.000000
0.367114 0.979650 0.920146 0.000000 0.000000 0.000000 1.000000
0.410506 0.894945 0.699951 0.000000 0.000000 0.000000 1.000000
0.806459 0.728344 0.704405 0.000000 0.000000 0.000000 1.000000
0.193181 0.589333 0.766030 0.000000 0.000000 0.000000 1.000000
0.566003 0.368045 0.550299 0.000000 0.000000 0.000000 1.000000
0.942259 0.723280 0.148086 0.000000 0.000000 0.000000 1.000000
0.032436 0.699992 0.201769 0.000000 0.000000 0.000000 1.000000
0.178329 0.228850 0.968205 0.000000 0.000000 0.000000 1.000000
0.550357 0.369900 0.907303 0.000000 0.000000 0.000000 1.000000
0.630896 0.609148 0.781249 0.000000 0.000000 0.000000 1.000000
0.200449 0.857118 0.442034 0.000000 0.000000 0.000000 1.000000
0.915600 0.203943 0.274807 0.000000 0.000000 0.000000 1.000000
0.434664 0.826310 0.389930 0.000000 0.000000 0.000000 1.000000
0.024663 0.366861 0.097168 0.000000 0.000000 0.000000 1.000000
0.494089 0.231168 0.897015 0.000000 0.000000 0.000000 1.000000
0.902223 0.674174 0.498990 0.000000 0.000000 0.000000 1.000000
0.138654 0.257598 0.913326 0.000000 0.000000 0.000000 1.000000
0.998819 0.694651 0.116410 0.000000 0.000000 0.000000 1.000000
0.481826 0.408500 0.975936 0.000000 0.000000 0.000000 1.000000
0.325582 0.033629 0.546189 0.000000 0.000000 0.000000 1.000000
0.544753 0.362166 0.996824 0.000000 0.000000 0.000000 1.000000
0.625449 0.141298 0.192334 0.000000 0.000000 0.000000 1.000000
0.565314 0.149546 0.287444 0.000000 0.000000 0.000000 1.000000
0.654183 0.112157 0.053597 0.000000 0.000000 0.000000 1.000000
0.012716 0.801723 0.621547 0.000000 0.000000 0.000000 1.000000
0.994728 0.963664 0.717610 0.000000 0.000000 0.000000 1.000000
0.694897 0.486684 0.520919 0.000000 0.000000 0.000000 1.000000
0.265837 0.361058 0.967018 0.000000 0.000000 0.000000 1.000000
0.665832 0.235495 0.408982 0.000000 0.000000 0.000000 1.000000
0.156686 0.789160 0.508956 0.000000 0.000000 0.000000 1.000000
0.469416 0.940644 0.995158 0.000000 0.000000 0.000000 1.000000
0.180672 0.725875 0.445823 0.000000 0.000000 0.000000 1.000000
0.232120 0.449712 0.115111 0.000000 0.000000 0.000000 1.000000
0.130686 0.615815 0.085477 0.000000 0.000000 0.000000 1.000000
0.332048 0.590052 0.311482 0.000000 0.000000 0.000000 1.000000
0.709911 0.564654 0.336023 0.000000 0.000000 0.000000 1.000000
0.018104 0.073083 0.449675 0.000000 0.000000 0.000000 1.000000
0.554876 0.674259 0.792355 0.000000 0.000000 0.000000 1.000000
0.751342 0.983688 0.563656 0.000000 0.000000 0.000000 1.000000
0.284197 0.119768 0.767525 0.000000 0.000000 0.000000 1.000000
0.965975 0.952353 0.952769 0.000000 0.000000 0.000000 1.000000
0.568714 0.067598 0.265323 0.000000 0.000000 0.000000 1.000000
0.896203 0.701309 0.751312 0.000000 0.000000 0.000000 1.000000
0.180105 0.384699 0.552853 0.000000 0.000000 0.000000 1.000000
0.935388 0.114630 0.559147 0.000000 0.000000 0.000000 1.000000
0.675673 0.261543 0.330637 0.000000 0.000000 0.000000 1.000000
0.963922 0.824847 0.819583 0.000000 0.000000 0.000000 1.000000
0.322024 0.975304 0.282209 0.000000 0.000000 0.000000 1.000000
0.023815 0.272972 0.911104 0.000000 0.000000 0.000000 1.000000
0.005182 0.995248 0.645165 0.000000 0.000000 0.000000 1.000000
0.286090 0.432737 0.760400 0.000000 0.000000 0.000000 1.000000
0.348844 0.252438 0.017246 0.000000 0.000000 0.000000 1.000000
0.307720 0.210966 0.292549 0.000000 0.000000 0.000000 1.000000
0.063069 0.683746 0.138512 0.000000 0.000000 0.000000 1.000000
0.071703 0.674069 0.876948 0.000000 0.000000 0.000000 1.000000
0.683382 0.713687 0.521731 0.000000 0.000000 0.000000 1.000000
0.498886 0.528923 0.653966 0.000000 0.000000 0.000000 1.000000
0.195503 0.792167 0.251319 0.000000 0.000000 0.000000 1.000000
0.204503 0.949864 0.190453 0.000000 0.000000 0.000000 1.000000
0.920020 0.615120 0.035788 0.000000 0.000000 0.000000 1.000000
0.509959 0.722414 0.527813 0.000000 0.000000 0.000000 1.000000
0.750969 0.580257 0.714403 0.000000 0.000000 0.000000 1.000000
0.647503 0.732160 0.446022 0.000000 0.000000 0.000000 1.000000
0.595327 0.820673 0.560537 0.000000 0.000000 0.000000 1.000000
0.401040 0.900292 0.680041 0.000000 0.000000 0.000000 1.000000
0.172949 0.035159 0.947717 0.000000 0.000000 0.000000 1.000000
0.466127 0.539563 0.466393 0.000000 0.000000 0.000000 1.000000
0.170287 0.620339 0.456270 0.000000 0.000000 0.000000 1.000000
0.117415 0.617654 0.664668 0.000000 0.000000 0.000000 1.000000
0.838308 0.521027 0.902383 0.000000 0.000000 0.000000 1.000000
0.073726 0.500622 0.442733 0.000000 0.000000 0.000000 1.000000
0.911437 0.103893 0.328746 0.000000 0.000000 0.000000 1.000000
0.705302 0.274637 0.593253 0.000000 0.000000 0.000000 1.000000
0.432614 0.954780 0.436457 0.000000 0.000000 0.000000 1.000000
0.505810 0.015717 0.821088 0.000000 0.000000 0.000000 1.000000
0.347838 0.749718 0.987076 0.000000 0.000000 0.000000 1.000000
0.074252 0.564286 0.071293 0.000000 0.000000 0.000000 1.000000
0.743748 0.820096 0.940739 0.000000 0.000000 0.000000 1.000000
0.418732 0.830072 0.218392 0.000000 0.000000 0.000000 1.000000
0.272456 0.343042 0.296850 0.000000 0.000000 0.000000 1.000000
0.391148 0.076563 0.555982 0.000000 0.000000 0.000000 1.000000
0.846968 0.589214 0.567544 0.000000 0.000000 0.000000 1.000000
0.428247 0.851245 0.624302 0.000000 0.000000 0.000000 1.000000
0.247936 0.330510 0.995920 0.000000 0.000000 0.000000 1.000000
0.169071 0.867191 0.149291 0.000000 0.000000 0.000000 1.000000
0.810386 0.137568 0.119022 0.000000 0.000000 0.000000 1.000000
0.217090 0.120889 0.758228 0.000000 0.000000 0.000000 1.000000
0.870650 0.991136 0.895406 0.000000 0.000000 0.000000 1.000000
0.718179 0.604236 0.205157 0.000000 0.000000 0.000000 1.000000
0.273269 0.354495 0.243844 0.000000 0.000000 0.000000 1.000000
0.470008 0.177820 0.571289 0.000000 0.000000 0.000000 1.000000
0.342404 0.713665 0.444671 0.000000 0.000000 0.000000 1.000000
0.133673 0.421904 0.111083 0.000000 0.000000 0.000000 1.000000
0.241893 0.078570 0.353001 0.000000 0.000000 0.000000 1.000000
0.468815 0.971246 0.841038 0.000000 0.000000 0.000000 1.000000
0.589758 0.558842 0.232046 0.000000 0.000000 0.000000 1.000000
0.094717 0.609246 0.232224 0.000000 0.000000 0.000000 1.000000
0.641361 0.611204 0.230541 0.000000 0.000000 0.000000 1.000000
0.770515 0.380641 0.318962 0.000000 0.000000 0.000000 1.000000
0.791885 0.670337 0.743757 0.000000 0.000000 0.000000 1.000000
0.451404 0.618756 0.337470 0.000000 0.000000 0.000000 1.000000
0.509723 0.102835 0.054250 0.000000 0.000000 0.000000 1.000000
0.879630 0.851713 0.437887 0.000000 0.000000 0.000000 1.000000
0.754467 0.853805 0.266928 0.000000 0.000000 0.000000 1.000000
0.389758 0.740691 0.992100 0.000000 0.000000 0.000000 1.000000
0.769114 0.762798 0.807554 0.000000 0.000000 0.000000 1.000000
0.895437 0.914735 0.838244 0.000000 0.000000 0.000000 1.000000
0.943955 0.443112 0.864186 0.000000 0.000000 0.000000 1.000000
0.159497 0.493801 0.562291 0.000000 0.000000 0.000000 1.000000
0.417480 0.186296 0.334463 0.000000 0.000000 0.000000 1.000000
0.005332 0.143592 0.372163 0.000000 0.000000 0.000000 1.000000
0.943868 0.437462 0.386296 0.000000 0.000000 0.000000 1.000000
0.432725 0.202755 0.104042 0.000000 0.000000 0.000000 1.000000
0.466692 0.175285 0.643659 0.000000 0.000000 0.000000 1.000000
0.433969 0.487287 0.674186 0.000000 0.000000 0.000000 1.000000
0.208244 0.775775 0.894044 0.000000 0.000000 0.000000 1.000000
0.470714 0.428454 0.654488 0.000000 0.000000 0.000000 1.000000
0.445900 0.104988 0.978336 0.000000 0.000000 0.000000 1.000000
0.996859 0.049443 0.684473 0.000000 0.000000 0.000000 1.000000
0.762280 0.516569 0.947768 0.000000 0.000000 0.000000 1.000000
0.715932 0.464886 0.885726 0.000000 0.000000 0.000000 1.000000
0.447485 0.192539 0.716178 0.000000 0.000000 0.000000 1.000000
0.354293 0.437743 0.053892 0.000000 0.000000 0.000000 1.000000
0.899568 0.889623 0.951655 0.000000 0.000000 0.000000 1.000000
0.429986 0.892706 0.102751 0.000000 0.000000 0.000000 1.000000
0.827543 0.620952 0.665553 0.000000 0.000000 0.000000 1.000000
0.393076 0.147460 0.540790 0.000000 0.000000 0.000000 1.000000
0.247831 0.711611 0.027047 0.000000 0.000000 0.000000 1.000000
0.245119 0.082164 0.920138 0.000000 0.000000 0.000000 1.000000
0.628824 0.150179 0.213998 0.000000 0.000000 0.000000 1.000000
0.985434 0.233868 0.481124 0.000000 0.000000 0.000000 1.000000
0.157299 0.479153 0.346220 0.000000 0.000000 0.000000 1.000000
0.057084 0.414687 0.804042 0.000000 0.000000 0.000000 1.000000
0.223135 0.957236 0.888333 0.000000 0.000000 0.000000 1.000000
0.767020 0.701621 0.191569 0.000000 0.000000 0.000000 1.000000
0.067293 0.817427 0.856587 0.000000 0.000000 0.000000 1.000000
0.039567 0.242989 0.981060 0.000000 0.000000 0.000000 1.000000
0.040296 0.897965 0.368297 0.000000 0.000000 0.000000 1.000000
0.448505 0.948995 0.041686 0.000000 0.000000 0.000000 1.000000
0.563865 0.238391 0.296066 0.000000 0.000000 0.000000 1.000000
0.149542 0.018067 0.867681 0.000000 0.000000 0.000000 1.000000
0.756436 0.705976 0.289110 0.000000 0.000000 0.000000 1.000000
0.153444 0.148259 0.557733 0.000000 0.000000 0.000000 1.000000
0.302921 0.795294 0.780475 0.000000 0.000000 0.000000 1.000000
0.765459 0.265552 0.381866 0.000000 0.000000 0.000000 1.000000
0.298810 0.526794 0.391278 0.000000 0.000000 0.000000 1.000000
0.155070 0.089942 0.736757 0.000000 0.000000 0.000000 1.000000
0.704953 0.695128 0.674598 0.000000 0.000000 0.000000 1.000000
0.530045 0.925955 0.675240 0.000000 0.000000 0.000000 1.000000
0.974077 0.478890 0.469290 0.000000 0.000000 0.000000 1.000000
0.612842 0.816241 0.856453 0.000000 0.000000 0.000000 1.000000
0.587012 0.525007 0.849653 0.000000 0.000000 0.000000 1.000000
0.976801 0.845813 0.334337 0.000000 0.000000 0.000000 1.000000
0.776615 0.813393 0.620057 0.000000 0.000000 0.000000 1.000000
0.113861 0.227919 0.272930 0.000000 0.000000 0.000000 1.000000
0.152407 0.975064 0.187582 0.000000 0.000000 0.000000 1.000000
0.725222 0.747062 0.413070 0.000000 0.000000 0.000000 1.000000
0.811357 0.331486 0.573554 0.000000 0.000000 0.000000 1.000000
0.972718 0.120006 0.449204 0.000000 0.000000 0.000000 1.000000
0.780762 0.635559 0.656064 0.000000 0.000000 0.000000 1.000000
0.333643 0.509086 0.873442 0.000000 0.000000 0.000000 1.000000
0.184581 0.240361 0.104621 0.000000 0.000000 0.000000 1.000000
0.380668 0.983426 0.070687 0.000000 0.000000 0.000000 1.000000
0.264332 0.897464 0.592960 0.000000 0.000000 0.000000 1.000000
0.439598 0.721726 0.855927 0.000000 0.000000 0.000000 1.000000
0.457934 0.912452 0.223038 0.000000 0.000000 0.000000 1.000000
0.737677 0.667799 0.136369 0.000000 0.000000 0.000000 1.000000
0.132093 0.289081 0.458758 0.000000 0.000000 0.000000 1.000000
0.479817 0.173429 0.891515 0.000000 0.000000 0.000000 1.000000
0.527351 0.795606 0.036468 0.000000 0.000000 0.000000 1.000000
0.384529 0.292580 0.585769 0.000000 0.000000 0.000000 1.000000
0.888578 0.440398 0.129837 0.000000 0.000000 0.000000 1.000000
0.061629 0.393491 0.415814 0.000000 0.000000 0.000000 1.000000
0.568438 0.764169 0.275288 0.000000 0.000000 0.000000 1.000000
0.035937 0.391582 0.697068 0.000000 0.000000 0.000000 1.000000
0.743336 0.240610 0.268319 0.000000 0.000000 0.000000 1.000000
0.077985 0.253828 0.304575 0.000000 0.000000 0.000000 1.000000
0.041042 0.976896 0.855838 0.000000 0.000000 0.000000 1.000000
0.407257 0.457855 0.104796 0.000000 0.000000 0.000000 1.000000
0.633316 0.271323 0.083708 0.000000 0.000000 0.000000 1.000000
0.222875 0.603142 0.067633 0.000000 0.000000 0.000000 1.000000
0.070191 0.242084 0.884512 0.000000 0.000000 0.000000 1.000000
0.412823 0.461687 0.039259 0.000000 0.000000 0.000000 1.000000
0.309263 0.337197 0.533161 0.000000 0.000000 0.000000 1.000000
0.242261 0.133225 0.675359 0.000000 0.000000 0.000000 1.000000
0.017303 0.858113 0.298874 0.000000 0.000000 0.000000 1.000000
0.292880 0.199053 0.783167 0.000000 0.000000 0.000000 1.000000
0.885538 0.724027 0.728024 0.000000 0.000000 0.000000 1.000000
0.694342 0.496729 0.888502 0.000000 0.000000 0.000000 1.000000
0.219271 0.266634 0.437440 0.000000 0.000000 0.000000 1.000000
0.170260 0.053016 0.443266 0.000000 0.000000 0.000000 1.000000
0.818796 0.157547 0.635539 0.000000 0.000000 0.000000 1.000000
0.962108 0.011312 0.519489 0.000000 0.000000 0.000000 1.000000
0.285701 0.504720 0.279314 0.000000 0.000000 0.000000 1.000000
0.285691 0.232033 0.146141 0.000000 0.000000 0.000000 1.000000
0.181304 0.135668 0.371560 0.000000 0.000000 0.000000 1.000000
0.559433 0.885929 0.343530 0.000000 0.000000 0.000000 1.000000
0.387396 0.082012 0.383924 0.000000 0.000000 0.000000 1.000000
0.377110 0.389644 0.238420 0.000000 0.000000 0.000000 1.000000
0.441932 0.704566 0.974214 0.000000 0.000000 0.000000 1.000000
0.475057 0.875556 0.942160 0.000000 0.000000 0.000000 1.000000
0.585409 0.068579 0.798774 0.000000 0.000000 0.000000 1.000000
0.718666 0.122327 0.133439 0.000000 0.000000 0.000000 1.000000
0.923994 0.737171 0.834969 0.000000 0.000000 0.000000 1.000000
0.394881 0.518324 0.542921 0.000000 0.000000 0.000000 1.000000
0.776018 0.144517 0.636183 0.000000 0.000000 0.000000 1.000000
0.978577 0.127798 0.620518 0.000000 0.000000 0.000000 1.000000
0.296009 0.995308 0.690514 0.000000 0.000000 0.000000 1.000000
0.438382 0.305748 0.374183 0.000000 0.000000 0.000000 1.000000
0.371577 0.954146 0.040046 0.000000 0.000000 0.000000 1.000000
0.223058 0.480524 0.267991 0.000000 0.000000 0.000000 1.000000
0.612377 0.178739 0.225572 0.000000 0.000000 0.000000 1.000000
0.442412 0.565231 0.752526 0.000000 0.000000 0.000000 1.000000
0.551658 0.139247 0.838346 0.000000 0.000000 0.000000 1.000000
0.008405 0.624864 0.734084 0.000000 0.000000 0.000000 1.000000
0.747044 0.304852 0.520000 0.000000 0.000000 0.000000 1.000000
0.179598 0.776161 0.505028 0.000000 0.000000 0.000000 1.000000
0.478213 0.643423 0.927692 0.000000 0.000000 0.000000 1.000000
0.978501 0.518067 0.764174 0.000000 0.000000 0.000000 1.000000
0.597407 0.507224 0.277473 0.000000 0.000000 0.000000 1.000000
0.913094 0.158910 0.889370 0.000000 0.000000 0.000000 1.000000
0.134704 0.440384 0.503209 0.000000 0.000000 0.000000 1.000000
0.658577 0.122740 0.988712 0.000000 0.000000 0.000000 1.000000
0.595516 0.899695 0.767174 0.000000 0.000000 0.000000 1.000000
0.582867 0.009373 0.608891 0.000000 0.000000 0.000000 1.000000
0.932300 0.725539 0.186308 0.000000 0.000000 0.000000 1.000000
0.945170 0.058324 0.540851 0.000000 0.000000 0.000000 1.000000
0.761594 0.421512 0.718735 0.000000 0.000000 0.000000 1.000000
0.719866 0.145861 0.508006 0.000000 0.000000 0.000000 1.000000
0.009487 0.919007 0.484365 0.000000 0.000000 0.000000 1.000000
0.037058 0.252837 0.721953 0.000000 0.000000 0.000000 1.000000
0.157963 0.108786 0.186106 0.000000 0.000000 0.000000 1.000000
0.681943 0.181393 0.337423 0.000000 0.000000 0.000000 1.000000
0.623759 0.058734 0.910231 0.000000 0.000000 0.000000 1.000000
0.372459 0.495688 0.934276 0.000000 0.000000 0.000000 1.000000
0.871783 0.722589 0.235046 0.000000 0.000000 0.000000 1.000000
0.824107 0.857706 0.652290 0.000000 0.000000 0.000000 1.000000
0.288231 0.777618 0.093611 0.000000 0.000000 0.000000 1.000000
0.539354 0.056963 0.776988 0.000000 0.000000 0.000000 1.000000
0.586771 0.009822 0.331236 0.000000 0.000000 0.000000 1.000000
0.753738 0.245200 0.874181 0.000000 0.000000 0.000000 1.000000
0.668289 0.289557 0.544758 0.000000 0.000000 0.000000 1.000000
0.083394 0.731506 0.157651 0.000000 0.000000 0.000000 1.000000
0.496420 0.625842 0.377727 0.000000 0.000000 0.000000 1.000000
0.770185 0.141571 0.567561 0.000000 0.000000 0.000000 1.000000
0.401129 0.138388 0.805339 0.000000 0.000000 0.000000 1.000000
0.187035 0.495987 0.393820 0.000000 0.000000 0.000000 1.000000
0.625319 0.307899 0.211315 0.000000 0.000000 0.000000 1.000000
0.574609 0.393356 0.507889 0.000000 0.000000 0.000000 1.000000
0.436867 0.264455 0.907692 0.000000 0.000000 0.000000 1.000000
0.897170 0.338981 0.878859 0.000000 0.000000 0.000000 1.000000
0.594844 0.089321 0.838322 0.000000 0.000000 0.000000 1.000000
0.220380 0.322137 0.324722 0.000000 0.000000 0.000000 1.000000
0.861249 0.576191 0.462753 0.000000 0.000000 0.000000 1.000000
0.027071 0.728336 0.971878 0.000000 0.000000 0.000000 1.000000
0.327282 0.255931 0.169795 0.000000 0.000000 0.000000 1.000000
0.902601 0.963807 0.464761 0.000000 0.000000 0.000000 1.000000
0.112606 0.077096 0.502121 0.000000 0.000000 0.000000 1.000000
0.357356 0.249562 0.707879 0.000000 0.000000 0.000000 1.000000
0.649079 0.976027 0.846782 0.000000 0.000000 0.000000 1.000000
0.522379 0.173562 0.600014 0.000000 0.000000 0.000000 1.000000
0.162783 0.037427 0.167114 0.000000 0.000000 0.000000 1.000000
0.003610 0.459916 0.434591 0.000000 0.000000 0.000000 1.000000
0.104464 0.631871 0.315522 0.000000 0.000000 0.000000 1.000000
0.499882 0.606894 0.968871 0.000000 0.000000 0.000000 1.000000
0.223124 0.142920 0.526720 0.000000 0.000000 0.000000 1.000000
0.139081 0.619793 0.984306 0.000000 0.000000 0.000000 1.000000
0.085684 0.950230 0.768685 0.000000 0.000000 0.000000 1.000000
0.469554 0.864055 0.026176 0.000000 0.000000 0.000000 1.000000
0.575236 0.888518 0.582184 0.000000 0.000000 0.000000 1.000000
0.333783 0.419196 0.800932 0.000000 0.000000 0.000000 1.000000
0.859631 0.660430 0.839878 0.000000 0.000000 0.000000 1.000000
0.638824 0.445337 0.453163 0.000000 0.000000 0.000000 1.000000
0.204492 0.195601 0.670387 0.000000 0.000000 0.000000 1.000000
0.940337 0.205527 0.943399 0.000000 0.000000 0.000000 1.000000
0.647635 0.708309 0.475476 0.000000 0.000000 0.000000 1.000000
0.287372 0.471814 0.981421 0.000000 0.000000 0.000000 1.000000
0.927512 0.447676 0.052446 0.000000 0.000000 0.000000 1.000000
0.042304 0.222837 0.224048 0.000000 0.000000 0.000000 1.000000
0.680931 0.673047 0.559614 0.000000 0.000000 0.000000 1.000000
0.611160 0.169394 0.034060 0.000000 0.000000 0.000000 1.000000
0.355308 0.703658 0.425990 0.000000 0.000000 0.000000 1.000000
0.618284 0.877142 0.325294 0.000000 0.000000 0.000000 1.000000
0.872443 0.840870 0.422999 0.000000 0.000000 0.000000 1.000000
0.495221 0.047305 0.113435 0.000000 0.000000 0.000000 1.000000
0.744428 0.086818 0.871100 0.000000 0.000000 0.000000 1.000000
0.771682 0.115362 0.775810 0.000000 0.000000 0.000000 1.000000
0.819362 0.845109 0.545848 0.000000 0.000000 0.000000 1.000000
0.904701 0.810566 0.039246 0.000000 0.000000 0.000000 1.000000
0.788356 0.860570 0.867407 0.000000 0.000000 0.000000 1.000000
0.923116 0.593324 0.502993 0.000000 0.000000 0.000000 1.000000
0.616428 0.758707 0.459538 0.000000 0.000000 0.000000 1.000000
0.107150 0.167737 0.002122 0.000000 0.000000 0.000000 1.000000
0.143381 0.284259 0.578668 0.000000 0.000000 0.000000 1.000000
0.339941 0.659876 0.208998 0.000000 0.000000 0.000000 1.000000
0.913810 0.916768 0.752754 0.000000 0.000000 0.000000 1.000000
0.058444 0.150962 0.313422 0.000000 0.000000 0.000000 1.000000
0.462942 0.366431 0.885055 0.000000 0.000000 0.000000 1.000000
0.794274 0.378163 0.622351 0.000000 0.000000 0.000000 1.000000
0.741785 0.411505 0.312598 0.000000 0.000000 0.000000 1.000000
0.183304 0.001595 0.970874 0.000000 0.000000 0.000000 1.000000
0.752888 0.195171 0.026936 0.000000 0.000000 0.000000 1.000000
0.691496 0.825778 0.180105 0.000000 0.000000 0.000000 1.000000
0.072149 0.776940 0.978489 0.000000 0.000000 0.000000 1.000000
0.518494 0.713900 0.869192 0.000000 0.000000 0.000000 1.000000
0.269227 0.253301 0.842148 0.000000 0.000000 0.000000 1.000000
0.297502 0.725923 0.229966 0.000000 0.000000 0.000000 1.000000
0.144254 0.106018 0.437921 0.000000 0.000000 0.000000 1.000000
0.468234 0.573637 0.426289 0.000000 0.000000 0.000000 1.000000
0.847391 0.894192 0.172620 0.000000 0.000000 0.000000 1.000000
0.888458 0.545474 0.311204 0.000000 0.000000 0.000000 1.000000
0.664581 0.611737 0.262921 0.000000 0.000000 0.000000 1.000000
0.360548 0.198995 0.985611 0.000000 0.000000 0.000000 1.000000
0.059326 0.039182 0.524200 0.000000 0.000000 0.000000 1.000000
0.516961 0.709448 0.785462 0.000000 0.000000 0.000000 1.000000
0.047724 0.174222 0.168652 0.000000 0.000000 0.000000 1.000000
0.723022 0.500970 0.020106 0.000000 0.000000 0.000000 1.000000
0.796348 0.231344 0.027290 0.000000 0.000000 0.000000 1.000000
0.088763 0.743323 0.041163 0.000000 0.000000 0.000000 1.000000
0.630377 0.335760 0.611058 0.000000 0.000000 0.000000 1.000000
0.538298 0.521705 0.014113 0.000000 0.000000 0.000000 1.000000
0.103654 0.711074 0.231695 0.000000 0.000000 0.000000 1.000000
0.841343 0.664352 0.334868 0.000000 0.000000 0.000000 1.000000
0.854547 0.503688 0.354605 0.000000 0.000000 0.000000 1.000000
0.782887 0.391464 0.187093 0.000000 0.000000 0.000000 1.000000
0.790922 0.182259 0.106821 0.000000 0.000000 0.000000 1.000000
0.059757 0.698734 0.166039 0.000000 0.000000 0.000000 1.000000
0.683329 0.613115 0.440531 0.000000 0.000000 0.000000 1.000000
0.876734 0.398826 0.681666 0.000000 0.000000 0.000000 1.000000
0.293762 0.248018 0.092738 0.000000 0.000000 0.000000 1.000000
0.734283 0.907256 0.347700 0.000000 0.000000 0.000000 1.000000
0.759520 0.127999 0.894388 0.000000 0.000000 0.000000 1.000000
0.233621 0.551107 0.043879 0.000000 0.000000 0.000000 1.000000
0.706112 0.252096 0.023559 0.000000 0.000000 0.000000 1.000000
0.687583 0.388090 0.698805 0.000000 0.000000 0.000000 1.000000
0.265562 0.838408 0.886619 0.000000 0.000000 0.000000 1.000000
0.318166 0.150794 0.830447 0.000000 0.000000 0.000000 1.000000
0.788258 0.137130 0.905493 0.000000 0.000000 0.000000 1.000000
0.657450 0.850769 0.915797 0.000000 0.000000 0.000000 1.000000
0.338014 0.144210 0.216781 0.000000 0.000000 0.000000 1.000000
0.250946 0.103778 0.533311 0.000000 0.000000 0.000000 1.000000
0.249762 0.077909 0.236833 0.000000 0.000000 0.000000 1.000000
0.068045 0.865762 0.346458 0.000000 0.000000 0.000000 1.000000
0.741626 0.970201 0.007005 0.000000 0.000000 0.000000 1.000000
0.222356 0.290118 0.196111 0.000000 0.000000 0.000000 1.000000
0.493881 0.775078 0.846350 0.000000 0.000000 0.000000 1.000000
0.136492 0.156508 0.797057 0.000000 0.000000 0.000000 1.000000
0.834904 0.072193 0.870657 0.000000 0.000000 0.000000 1.000000
0.476631 0.915862 0.153225 0.000000 0.000000 0.000000 1.000000
0.253949 0.683420 0.116729 0.000000 0.000000 0.000000 1.000000
0.371952 0.860468 0.046383 0.000000 0.000000 0.000000 1.000000
0.382390 0.348496 0.494338 0.000000 0.000000 0.000000 1.000000
0.464839 0.181852 0.751373 0.000000 0.000000 0.000000 1.000000
0.634421 0.703193 0.908645 0.000000 0.000000 0.000000 1.000000
0.406702 0.682508 0.682055 0.000000 0.000000 0.000000 1.000000
0.223855 0.864960 0.511736 0.000000 0.000000 0.000000 1.000000
0.751255 0.693326 0.143686 0.000000 0.000000 0.000000 1.000000
0.654834 0.119210 0.528722 0.000000 0.000000 0.000000 1.000000
0.771259 0.469967 0.747088 0.000000 0.000000 0.000000 1.000000
0.600719 0.974967 0.697070 0.000000 0.000000 0.000000 1.000000
0.728396 0.047289 0.605522 0.000000 0.000000 0.000000 1.000000
0.371649 0.325308 0.386675 0.000000 0.000000 0.000000 1.000000
0.453645 0.199648 0.690821 0.000000 0.000000 0.000000 1.000000
0.013035 0.731016 0.292964 0.000000 0.000000 0.000000 1.000000
0.229523 0.445180 0.005242 0.000000 0.000000 0.000000 1.000000
0.788455 0.524385 0.510266 0.000000 0.000000 0.000000 1.000000
0.617259 0.802246 0.496397 0.000000 0.000000 0.000000 1.000000
0.732312 0.921190 0.601638 0.000000 0.000000 0.000000 1.000000
0.511835 0.150393 0.078922 0.000000 0.000000 0.000000 1.000000
0.205623 0.291400 0.408651 0.000000 0.000000 0.000000 1.000000
0.852180 0.746488 0.754491 0.000000 0.000000 0.000000 1.000000
0.473323 0.303548 0.723344 0.000000 0.000000 0.000000 1.000000
0.628474 0.573050 0.680662 0.000000 0.000000 0.000000 1.000000
0.227355 0.463698 0.530079 0.000000 0.000000 0.000000 1.000000
0.425691 0.248552 0.990536 0.000000 0.000000 0.000000 1.000000
0.928893 0.361888 0.377974 0.000000 0.000000 0.000000 1.000000
0.793254 0.255001 0.672134 0.000000 0.000000 0.000000 1.000000
0.724772 0.513608 0.034791 0.000000 0.000000 0.000000 1.000000
0.952214 0.568149 0.460600 0.000000 0.000000 0.000000 1.000000
0.753206 0.955927 0.137170 0.000000 0.000000 0.000000 1.000000
0.030190 0.238853 0.013403 0.000000 0.000000 0.000000 1.000000
0.723518 0.714472 0.895309 0.000000 0.000000 0.000000 1.000000
0.756241 0.356217 0.020831 0.000000 0.000000 0.000000 1.000000
0.341665 0.945917 0.380573 0.000000 0.000000 0.000000 1.000000
0.682793 0.474411 0.974376 0.000000 0.000000 0.000000 1.000000
0.579137 0.090425 0.526826 0.000000 0.000000 0.000000 1.000000
0.346491 0.099889 0.675745 0.000000 0.000000 0.000000 1.000000
0.958453 0.517214 0.854979 0.000000 0.000000 0.000000 1.000000
0.949635 0.278223 0.686202 0.000000 0.000000 0.000000 1.000000
0.942095 0.111897 0.731174 0.000000 0.000000 0.000000 1.000000
0.690863 0.970305 0.828229 0.000000 0.000000 0.000000 1.000000
0.122998 0.870351 0.897530 0.000000 0.000000 0.000000 1.000000
0.721632 0.201330 0.116821 0.000000 0.000000 0.000000 1.000000
0.884764 0.546998 0.602482 0.000000 0.000000 0.000000 1.000000
0.651677 0.546815 0.954761 0.000000 0.000000 0.000000 1.000000
0.350192 0.935918 0.291588 0.000000 0.000000 0.000000 1.000000
0.876344 0.405588 0.065582 0.000000 0.000000 0.000000 1.000000
0.536447 0.425929 0.886536 0.000000 0.000000 0.000000 1.000000
0.525517 0.149063 0.470330 0.000000 0.000000 0.000000 1.000000
0.472594 0.274323 0.578117 0.000000 0.000000 0.000000 1.000000
0.769496 0.244934 0.781749 0.000000 0.000000 0.000000 1.000000
0.608808 0.463363 0.200168 0.000000 0.000000 0.000000 1.000000
0.319772 0.859157 0.025885 0.000000 0.000000 0.000000 1.000000
0.898015 0.823839 0.346844 0.000000 0.000000 0.000000 1.000000
0.715969 0.968080 0.875672 0.000000 0.000000 0.000000 1.000000
0.577647 0.671740 0.305569 0.000000 0.000000 0.000000 1.000000
0.149426 0.852874 0.193050 0.000000 0.000000 0.000000 1.000000
0.817179 0.293268 0.668348 0.000000 0.000000 0.000000 1.000000
0.689618 0.289185 0.580100 0.000000 0.000000 0.000000 1.000000
0.751847 0.359727 0.754148 0.000000 0.000000 0.000000 1.000000
0.519344 0.771388 0.507770 0.000000 0.000000 0.000000 1.000000
0.614205 0.410879 0.481557 0.000000 0.000000 0.000000 1.000000
0.423253 0.482557 0.159821 0.000000 0.000000 0.000000 1.000000
0.275227 0.868024 0.402764 0.000000 0.000000 0.000000 1.000000
0.443483 0.078130 0.862790 0.000000 0.000000 0.000000 1.000000
0.952360 0.387687 0.606523 0.000000 0.000000 0.000000 1.000000
0.912225 0.070177 0.479462 0.000000 0.000000 0.000000 1.000000
0.736316 0.277077 0.896344 0.000000 0.000000 0.000000 1.000000
0.899231 0.447767 0.933732 0.000000 0.000000 0.000000 1.000000
0.417742 0.338743 0.739797 0.000000 0.000000 0.000000 1.000000
0.382573 0.611559 0.602984 0.000000 0.000000 0.000000 1.000000
0.129956 0.209818 0.228199 0.000000 0.000000 0.000000 1.000000
0.045960 0.050407 0.679866 0.000000 0.000000 0.000000 1.000000
0.335774 0.368553 0.130824 0.000000 0.000000 0.000000 1.000000
0.717995 0.298467 0.133631 0.000000 0.000000 0.000000 1.000000
0.180672 0.749169 0.613858 0.000000 0.000000 0.000000 1.000000
0.826459 0.624284 0.145857 0.000000 0.000000 0.000000 1.000000
0.150342 0.991995 0.868550 0.000000 0.000000 0.000000 1.000000
0.913237 0.320965 0.593346 0.000000 0.000000 0.000000 1.000000
0.581688 0.269851 0.252575 0.000000 0.000000 0.000000 1.000000
0.581074 0.563069 0.930046 0.000000 0.000000 0.000000 1.000000
0.880026 0.552256 0.154202 0.000000 0.000000 0.000000 1.000000
0.275118 0.539753 0.848036 0.000000 0.000000 0.000000 1.000000
0.669926 0.191552 0.274675 0.000000 0.000000 0.000000 1.000000
0.046274 0.104291 0.497533 0.000000 0.000000 0.000000 1.000000
0.191978 0.720091 0.850425 0.000000 0.000000 0.000000 1.000000
0.104472 0.892574 0.674744 0.000000 0.000000 0.000000 1.000000
0.364094 0.941759 0.199133 0.000000 0.000000 0.000000 1.000000
0.317290 0.507274 0.822640 0.000000 0.000000 0.000000 1.000000
0.990989 0.335045 0.228693 0.000000 0.000000 0.000000 1.000000
0.459675 0.569029 0.521705 0.000000 0.000000 0.000000 1.000000
0.486794 0.010450 0.989948 0.000000 0.000000 0.000000 1.000000
0.618541 0.917660 0.803573 0.000000 0.000000 0.000000 1.000000
0.404324 0.104805 0.871466 0.000000 0.000000 0.000000 1.000000
0.263425 0.664855 0.052445 0.000000 0.000000 0.000000 1.000000
0.687860 0.904731 0.926562 0.000000 0.000000 0.000000 1.000000
0.585822 0.514620 0.107399 0.000000 0.000000 0.000000 1.000000
0.284690 0.376872 0.616492 0.000000 0.000000 0.000000 1.000000
0.671789 0.523614 0.504274 0.000000 0.000000 0.000000 1.000000
0.112278 0.139615 0.092976 0.000000 0.000000 0.000000 1.000000
0.754500 0.323133 0.582126 0.000000 0.000000 0.000000 1.000000
0.454033 0.886958 0.468074 0.000000 0.000000 0.000000 1.000000
0.198501 0.598774 0.770119 0.000000 0.000000 0.000000 1.000000
0.903260 0.999065 0.846600 0.000000 0.000000 0.000000 1.000000
0.108310 0.865411 0.889690 0.000000 0.000000 0.000000 1.000000
0.327482 0.508753 0.644228 0.000000 0.000000 0.000000 1.000000
0.484512 0.247403 0.738777 0.000000 0.000000 0.000000 1.000000
0.158219 0.283394 0.703585 0.000000 0.000000 0.000000 1.000000
0.483962 0.332210 0.333395 0.000000 0.000000 0.000000 1.000000
0.916356 0.637685 0.763374 0.000000 0.000000 0.000000 1.000000
0.204027 0.674991 0.088748 0.000000 0.000000 0.000000 1.000000
0.738335 0.900993 0.720112 0.000000 0.000000 0.000000 1.000000
0.127923 0.084947 0.013990 0.000000 0.000000 0.000000 1.000000
0.734142 0.823982 0.684165 0.000000 0.000000 0.000000 1.000000
0.456177 0.429853 0.344639 0.000000 0.000000 0.000000 1.000000
0.938558 0.482646 0.181700 0.000000 0.000000 0.000000 1.000000
0.575233 0.359203 0.859580 0.000000 0.000000 0.000000 1.000000
0.262111 0.821569 0.835635 0.000000 0.000000 0.000000 1.000000
0.484359 0.280769 0.636888 0.000000 0.000000 0.000000 1.000000
0.979101 0.910888 0.714411 0.000000 0.000000 0.000000 1.000000
0.531743 0.093137 0.159819 0.000000 0.000000 0.000000 1.000000
0.213755 0.503874 0.459143 0.000000 0.000000 0.000000 1.000000
0.769812 0.246297 0.068627 0.000000 0.000000 0.000000 1.000000
0.493927 0.398679 0.756366 0.000000 0.000000 0.000000 1.000000
0.594444 0.079869 0.537747 0.000000 0.000000 0.000000 1.000000
0.316452 0.039135 0.743454 0.000000 0.000000 0.000000 1.000000
0.383228 0.853056 0.136417 0.000000 0.000000 0.000000 1.000000
0.316157 0.703002 0.793815 0.000000 0.000000 0.000000 1.000000
0.416751 0.935586 0.804580 0.000000 0.000000 0.000000 1.000000
0.415528 0.577606 0.325475 0.000000 0.000000 0.000000 1.000000
0.235993 0.523052 0.377777 0.000000 0.000000 0.000000 1.000000
0.207206 0.041632 0.909916 0.000000 0.000000 0.000000 1.000000
0.567612 0.250550 0.156651 0.000000 0.000000 0.000000 1.000000
0.327231 0.623333 0.678292 0.000000 0.000000 0.000000 1.000000
0.668511 0.538624 0.274185 0.000000 0.000000 0.000000 1.000000
0.835868 0.516323 0.454091 0.000000 0.000000 0.000000 1.000000
0.220982 0.241640 0.226655 0.000000 0.000000 0.000000 1.000000
0.380246 0.279288 0.451803 0.000000 0.000000 0.000000 1.000000
0.658808 0.753414 0.999482 0.000000 0.000000 0.000000 1.000000
0.342563 0.851429 0.549718 0.000000 0.000000 0.000000 1.000000
0.083331 0.715886 0.641397 0.000000 0.000000 0.000000 1.000000
0.105232 0.130799 0.912202 0.000000 0.000000 0.000000 1.000000
0.390134 0.988677 0.956587 0.000000 0.000000 0.000000 1.000000
0.899475 0.442737 0.892143 0.000000 0.000000 0.000000 1.000000
0.557245 0.333539 0.258694 0.000000 0.000000 0.000000 1.000000
0.347624 0.469994 0.416365 0.000000 0.000000 0.000000 1.000000
0.580191 0.960897 0.340227 0.000000 0.000000 0.000000 1.000000
0.991196 0.863326 0.184104 0.000000 0.000000 0.000000 1.000000
0.185881 0.234006 0.797505 0.000000 0.000000 0.000000 1.000000
0.351371 0.746563 0.461766 0.000000 0.000000 0.000000 1.000000
0.184987 0.565745 0.473390 0.000000 0.000000 0.000000 1.000000
0.469999 0.709276 0.565964 0.000000 0.000000 0.000000 1.000000
0.246417 0.686775 0.618720 0.000000 0.000000 0.000000 1.000000
0.757640 0.799131 0.784686 0.000000 0.000000 0.000000 1.000000
0.237744 0.617818 0.729221 0.000000 0.000000 0.000000 1.000000
0.479180 0.377321 0.170019 0.000000 0.000000 0.000000 1.000000
0.624691 0.177691 0.797703 0.000000 0.000000 0.000000 1.000000
0.040169 0.679708 0.093511 0.000000 0.000000 0.000000 1.000000
0.888559 0.655629 0.225775 0.000000 0.000000 0.000000 1.000000
0.494478 0.539618 0.089566 0.000000 0.000000 0.000000 1.000000
0.084544 0.649297 0.686397 0.000000 0.000000 0.000000 1.000000
0.557857 0.300152 0.725769 0.000000 0.000000 0.000000 1.000000
0.978921 0.733048 0.621751 0.000000 0.000000 0.000000 1.000000
0.463976 0.134064 0.611622 0.000000 0.000000 0.000000 1.000000
0.961601 0.709631 0.769321 0.000000 0.000000 0.000000 1.000000
0.551812 0.195873 0.683800 0.000000 0.000000 0.000000 1.000000
0.850273 0.191112 0.038772 0.000000 0.000000 0.000000 1.000000
0.220876 0.239032 0.830010 0.000000 0.000000 0.000000 1.000000
0.995304 0.830390 0.573155 0.000000 0.000000 0.000000 1.000000
0.722166 0.388927 0.017381 0.000000 0.000000 0.000000 1.000000
0.749323 0.087840 0.441695 0.000000 0.000000 0.000000 1.000000
0.951632 0.194038 0.687465 0.000000 0.000000 0.000000 1.000000
0.869632 0.263705 0.830236 0.000000 0.000000 0.000000 1.000000
0.211909 0.071761 0.949713 0.000000 0.000000 0.000000 1.000000
0.736756 0.925764 0.029802 0.000000 0.000000 0.000000 1.000000
0.223624 0.160170 0.112372 0.000000 0.000000 0.000000 1.000000
0.092949 0.185411 0.675663 0.000000 0.000000 0.000000 1.000000
0.321053 0.096637 0.544902 0.000000 0.000000 0.000000 1.000000
0.212216 0.797983 0.963559 0.000000 0.000000 0.000000 1.000000
0.483183 0.352205 0.105471 0.000000 0.000000 0.000000 1.000000
0.467084 0.708974 0.272058 0.000000 0.000000 0.000000 1.000000
0.187201 0.055498 0.528103 0.000000 0.000000 0.000000 1.000000
0.845897 0.120213 0.679809 0.000000 0.000000 0.000000 1.000000
0.535669 0.734831 0.751138 0.000000 0.000000 0.000000 1.000000
0.945758 0.486561 0.802150 0.000000 0.000000 0.000000 1.000000
0.389855 0.894775 0.241691 0.000000 0.000000 0.000000 1.000000
0.749355 0.363798 0.874901 0.000000 0.000000 0.000000 1.000000
0.194093 0.265756 0.385427 0.000000 0.000000 0.000000 1.000000
0.330448 0.221551 0.925013 0.000000 0.000000 0.000000 1.000000
0.500356 0.421015 0.631760 0.000000 0.000000 0.000000 1.000000
0.803232 0.515234 0.166129 0.000000 0.000000 0.000000 1.000000
0.364908 0.579027 0.749707 0.000000 0.000000 0.000000 1.000000
0.235140 0.067973 0.176820 0.000000 0.000000 0.000000 1.000000
0.188198 0.632127 0.119741 0.000000 0.000000 0.000000 1.000000
0.240892 0.353225 0.038018 0.000000 0.000000 0.000000 1.000000
0.040234 0.546571 0.050520 0.000000 0.000000 0.000000 1.000000
0.891902 0.234747 0.516759 0.000000 0.000000 0.000000 1.000000
0.183014 0.912924 0.947064 0.000000 0.000000 0.000000 1.000000
0.244454 0.276197 0.452131 0.000000 0.000000 0.000000 1.000000
0.684340 0.150513 0.073106 0.000000 0.000000 0.000000 1.000000
0.718522 0.965259 0.960443 0.000000 0.000000 0.000000 1.000000
0.816696 0.850220 0.861476 0.000000 0.000000 0.000000 1.000000
0.803364 0.748528 0.759229 0.000000 0.000000 0.000000 1.000000
0.157548 0.429611 0.916032 0.000000 0.000000 0.000000 1.000000
0.029528 0.900630 0.685940 0.000000 0.000000 0.000000 1.000000
0.021744 0.612877 0.498693 0.000000 0.000000 0.000000 1.000000
0.098723 0.098213 0.382486 0.000000 0.000000 0.000000 1.000000
0.623464 0.981661 0.098824 0.000000 0.000000 0.000000 1.000000
0.505300 0.008033 0.825510 0.000000 0.000000 0.000000 1.000000
0.301086 0.663087 0.816304 0.000000 0.000000 0.000000 1.000000
0.331455 0.816952 0.386637 0.000000 0.000000 0.000000 1.000000
0.457202 0.848803 0.299659 0.000000 0.000000 0.000000 1.000000
0.778161 0.240095 0.679841 0.000000 0.000000 0.000000 1.000000
0.768088 0.466720 0.973936 0.000000 0.000000 0.000000 1.000000
0.738846 0.262555 0.034949 0.000000 0.000000 0.000000 1.000000
0.748197 0.857647 0.206629 0.000000 0.000000 0.000000 1.000000
0.234481 0.460469 0.618425 0.000000 0.000000 0.000000 1.000000
0.964470 0.857635 0.571265 0.000000 0.000000 0.000000 1.000000
0.443172 0.455292 0.865171 0.000000 0.000000 0.000000 1.000000
0.631271 0.063001 0.926270 0.000000 0.000000 0.000000 1.000000
0.614959 0.095591 0.439421 0.000000 0.000000 0.000000 1.000000
0.902301 0.118695 0.804105 0.000000 0.000000 0.000000 1.000000
0.376506 0.313720 0.649554 0.000000 0.000000 0.000000 1.000000
0.387388 0.753927 0.387699 0.000000 0.000000 0.000000 1.000000
0.308725 0.041003 0.727878 0.000000 0.000000 0.000000 1.000000
0.758764 0.487678 0.209243 0.000000 0.000000 0.000000 1.000000
0.004360 0.372129 0.146896 0.000000 0.000000 0.000000 1.000000
0.079335 0.161109 0.711825 0.000000 0.000000 0.000000 1.000000
0.563587 0.199657 0.186562 0.000000 0.000000 0.000000 1.000000
0.287578 0.071115 0.992383 0.000000 0.000000 0.000000 1.000000
0.947644 0.926393 0.085323 0.000000 0.000000 0.000000 1.000000
0.101573 0.810829 0.602472 0.000000 0.000000 0.000000 1.000000
0.736516 0.283132 0.553601 0.000000 0.000000 0.000000 1.000000
0.833366 0.636860 0.901491 0.000000 0.000000 0.000000 1.000000
0.916854 0.032127 0.735550 0.000000 0.000000 0.000000 1.000000
0.987970 0.186860 0.885560 0.000000 0.000000 0.000000 1.000000
0.597384 0.041831 0.064411 0.000000 0.000000 0.000000 1.000000
0.602736 0.639920 0.586938 0.000000 0.000000 0.000000 1.000000
0.506018 0.056855 0.445215 0.000000 0.000000 0.000000 1.000000
0.433996 0.677806 0.532573 0.000000 0.000000 0.000000 1.000000
0.533533 0.757111 0.855653 0.000000 0.000000 0.000000 1.000000
0.777060 0.975371 0.922743 0.000000 0.000000 0.000000 1.000000
0.730762 0.418094 0.671273 0.000000 0.000000 0.000000 1.000000
0.766200 0.733907 0.897671 0.000000 0.000000 0.000000 1.000000
0.981236 0.761792 0.074834 0.000000 0.000000 0.000000 1.000000
0.607770 0.172682 0.655209 0.000000 0.000000 0.000000 1.000000
0.146915 0.812192 0.447402 0.000000 0.000000 0.000000 1.000000
0.808416 0.219100 0.013412 0.000000 0.000000 0.000000 1.000000
0.290389 0.558666 0.800958 0.000000 0.000000 0.000000 1.000000
0.598090 0.674940 0.301965 0.000000 0.000000 0.000000 1.000000
0.272568 0.358605 0.517293 0.000000 0.000000 0.000000 1.000000
0.734659 0.748580 0.050997 0.000000 0.000000 0.000000 1.000000
0.827561 0.896244 0.820945 0.000000 0.000000 0.000000 1.000000
0.384547 0.034111 0.396635 0.000000 0.000000 0.000000 1.000000
0.023040 0.363810 0.991439 0.000000 0.000000 0.000000 1.000000
0.839422 0.752331 0.770121 0.000000 0.000000 0.000000 1.000000
0.749508 0.376294 0.564167 0.000000 0.000000 0.000000 1.000000
0.143115 0.251107 0.147884 0.000000 0.000000 0.000000 1.000000
0.177961 0.153598 0.913607 0.000000 0.000000 0.000000 1.000000
0.018326 0.645755 0.385407 0.000000 0.000000 0.000000 1.000000
0.655478 0.735713 0.187976 0.000000 0.000000 0.000000 1.000000
0.827752 0.640068 0.080117 0.000000 0.000000 0.000000 1.000000
0.166871 0.208700 0.839429 0.000000 0.000000 0.000000 1.000000
0.334820 0.084837 0.889589 0.000000 0.000000 0.000000 1.000000
0.250758 0.363989 0.921946 0.000000 0.000000 0.000000 1.000000
0.037350 0.477186 0.862321 0.000000 0.000000 0.000000 1.000000
0.822290 0.842659 0.210776 0.000000 0.000000 0.000000 1.000000
0.622629 0.208195 0.869923 0.000000 0.000000 0.000000 1.000000
0.236055 0.721965 0.890774 0.000000 0.000000 0.000000 1.000000
0.025144 0.273654 0.622339 0.000000 0.000000 0.000000 1.000000
0.717341 0.640355 0.615165 0.000000 0.000000 0.000000 1.000000
0.402858 0.586806 0.604510 0.000000 0.000000 0.000000 1.000000
0.990323 0.653034 0.062471 0.000000 0.000000 0.000000 1.000000
0.490171 0.063030 0.239675 0.000000 0.000000 0.000000 1.000000
0.121201 0.935924 0.249150 0.000000 0.000000 0.000000 1.000000
0.987986 0.990878 0.161641 0.000000 0.000000 0.000000 1.000000
0.151469 0.468270 0.204121 0.000000 0.000000 0.000000 1.000000
0.916843 0.850015 0.495403 0.000000 0.000000 0.000000 1.000000
0.494921 0.878925 0.430707 0.000000 0.000000 0.000000 1.000000
0.745795 0.429642 0.095299 0.000000 0.000000 0.000000 1.000000
0.056118 0.099903 0.707709 0.000000 0.000000 0.000000 1.000000
0.259468 0.052751 0.689869 0.000000 0.000000 0.000000 1.000000
0.160523 0.417312 0.927114 0.000000 0.000000 0.000000 1.000000
0.772573 0.741300 0.090581 0.000000 0.000000 0.000000 1.000000
0.079857 0.944589 0.388443 0.000000 0.000000 0.000000 1.000000
0.862047 0.498586 0.287272 0.000000 0.000000 0.000000 1.000000
0.068739 0.340848 0.159668 0.000000 0.000000 0.000000 1.000000
0.979672 0.094030 0.467304 0.000000 0.000000 0.000000 1.000000
0.338091 0.494674 0.636575 0.000000 0.000000 0.000000 1.000000
0.981923 0.126882 0.943155 0.000000 0.000000 0.000000 1.000000
0.563569 0.499476 0.346374 0.000000 0.000000 0.000000 1.000000
0.057897 0.734223 0.685439 0.000000 0.000000 0.000000 1.000000
0.191224 0.187685 0.636911 0.000000 0.000000 0.000000 1.000000
0.620920 0.648598 0.959280 0.000000 0.000000 0.000000 1.000000
0.476205 0.148727 0.399785 0.000000 0.000000 0.000000 1.000000
0.475675 0.179930 0.708551 0.000000 0.000000 0.000000 1.000000
0.552534 0.369375 0.980494 0.000000 0.000000 0.000000 1.000000
0.951299 0.087923 0.251867 0.000000 0.000000 0.000000 1.000000
0.349830 0.074989 0.318931 0.000000 0.000000 0.000000 1.000000
0.066589 0.189411 0.437797 0.000000 0.000000 0.000000 1.000000
0.852072 0.359216 0.130585 0.000000 0.000000 0.000000 1.000000
0.384724 0.860085 0.952733 0.000000 0.000000 0.000000 1.000000
0.732424 0.085433 0.526621 0.000000 0.000000 0.000000 1.000000
0.824988 0.139992 0.169091 0.000000 0.000000 0.000000 1.000000
0.537337 0.041335 0.934759 0.000000 0.000000 0.000000 1.000000
0.456626 0.335479 0.884007 0.000000 0.000000 0.000000 1.000000
0.780544 0.505404 0.754620 0.000000 0.000000 0.000000 1.000000
0.841861 0.349067 0.420047 0.000000 0.000000 0.000000 1.000000
0.385317 0.952436 0.494153 0.000000 0.000000 0.000000 1.000000
0.340168 0.109315 0.990680 0.000000 0.000000 0.000000 1.000000
0.173098 0.773802 0.751130 0.000000 0.000000 0.000000 1.000000
0.533497 0.959479 0.908242 0.000000 0.000000 0.000000 1.000000
0.302017 0.061826 0.698821 0.000000 0.000000 0.000000 1.000000
0.179967 0.637892 0.469676 0.000000 0.000000 0.000000 1.000000
0.679270 0.914851 0.532015 0.000000 0.000000 0.000000 1.000000
0.768456 0.024218 0.092082 0.000000 0.000000 0.000000 1.000000
0.977489 0.427787 0.926685 0.000000 0.000000 0.000000 1.000000
0.657105 0.057418 0.301229 0.000000 0.000000 0.000000 1.000000
0.726990 0.516711 0.787855 0.000000 0.000000 0.000000 1.000000
0.154221 0.181590 0.493288 0.000000 0.000000 0.000000 1.000000
0.447365 0.700567 0.248651 0.000000 0.000000 0.000000 1.000000
0.890717 0.007862 0.499811 0.000000 0.000000 0.000000 1.000000
0.420268 0.991386 0.902073 0.000000 0.000000 0.000000 1.000000
0.972989 0.200071 0.494368 0.000000 0.000000 0.000000 1.000000
0.864742 0.062503 0.884206 0.000000 0.000000 0.000000 1.000000
0.538664 0.810820 0.163746 0.000000 0.000000 0.000000 1.000000
0.247533 0.476675 0.279786 0.000000 0.000000 0.000000 1.000000
0.290142 0.720426 0.149282 0.000000 0.000000 0.000000 1.000000
0.760149 0.736381 0.197802 0.000000 0.000000 0.000000 1.000000
0.999288 0.952510 0.722460 0.000000 0.000000 0.000000 1.000000
0.951034 0.457643 0.227803 0.000000 0.000000 0.000000 1.000000
0.087348 0.947250 0.937428 0.000000 0.000000 0.000000 1.000000
0.213013 0.199936 0.574453 0.000000 0.000000 0.000000 1.000000
0.761832 0.382980 0.830654 0.000000 0.000000 0.000000 1.000000
0.927184 0.536745 0.998811 0.000000 0.000000 0.000000 1.000000
0.127180 0.429921 0.220430 0.000000 0.000000 0.000000 1.000000
0.024773 0.513957 0.860339 0.000000 0.000000 0.000000 1.000000
0.241514 0.033172 0.490806 0.000000 0.000000 0.000000 1.000000
0.024850 0.430515 0.760070 0.000000 0.000000 0.000000 1.000000
0.510032 0.492987 0.442857 0.000000 0.000000 0.000000 1.000000
0.728883 0.302875 0.899870 0.000000 0.000000 0.000000 1.000000
0.679135 0.200247 0.956498 0.000000 0.000000 0.000000 1.000000
0.490279 0.533774 0.737765 0.000000 0.000000 0.000000 1.000000
0.681982 0.920636 0.755047 0.000000 0.000000 0.000000 1.000000
0.946256 0.813873 0.759287 0.000000 0.000000 0.000000 1.000000
0.261746 0.654393 0.360768 0.000000 0.000000 0.000000 1.000000
0.642481 0.307872 0.741563 0.000000 0.000000 0.000000 1.000000
0.670374 0.104340 0.796854 0.000000 0.000000 0.000000 1.000000
0.007970 0.152634 0.966331 0.000000 0.000000 0.000000 1.000000
0.931791 0.237117 0.480524 0.000000 0.000000 0.000000 1.000000
0.577174 0.209442 0.566326 0.000000 0.000000 0.000000 1.000000
0.480575 0.088855 0.359485 0.000000 0.000000 0.000000 1.000000
0.666486 0.202765 0.470734 0.000000 0.000000 0.000000 1.000000
0.731904 0.743089 0.148613 0.000000 0.000000 0.000000 1.000000
0.513359 0.423666 0.512633 0.000000 0.000000 0.000000 1.000000
0.520248 0.919259 0.404568 0.000000 0.000000 0.000000 1.000000
0.139754 0.941158 0.333390 0.000000 0.000000 0.000000 1.000000
0.830743 0.683493 0.444725 0.000000 0.000000 0.000000 1.000000
0.929133 0.967982 0.847319 0.000000 0.000000 0.000000 1.000000
0.065011 0.335121 0.691338 0.000000 0.000000 0.000000 1.000000
0.333066 0.305431 0.100404 0.000000 0.000000 0.000000 1.000000
0.895035 0.728431 0.910659 0.000000 0.000000 0.000000 1.000000
0.206171 0.684222 0.875058 0.000000 0.000000 0.000000 1.000000
0.352220 0.971111 0.627057 0.000000 0.000000 0.000000 1.000000
0.497859 0.999586 0.058431 0.000000 0.000000 0.000000 1.000000
0.706075 0.024727 0.384871 0.000000 0.000000 0.000000 1.000000
0.958227 0.872754 0.676436 0.000000 0.000000 0.000000 1.000000
0.543147 0.577268 0.248025 0.000000 0.000000 0.000000 1.000000
0.436625 0.350936 0.718971 0.000000 0.000000 0.000000 1.000000
0.047573 0.411266 0.194881 0.000000 0.000000 0.000000 1.000000
0.030879 0.177543 0.840630 0.000000 0.000000 0.000000 1.000000
0.640657 0.326610 0.106828 0.000000 0.000000 0.000000 1.000000
0.203803 0.981169 0.425140 0.000000 0.000000 0.000000 1.000000
0.378411 0.722049 0.636346 0.000000 0.000000 0.000000 1.000000
0.863851 0.276607 0.774522 0.000000 0.000000 0.000000 1.000000
0.088020 0.640390 0.707856 0.000000 0.000000 0.000000 1.000000
0.961036 0.617650 0.475266 0.000000 0.000000 0.000000 1.000000
0.444794 0.599245 0.174454 0.000000 0.000000 0.000000 1.000000
0.751166 0.254173 0.163731 0.000000 0.000000 0.000000 1.000000
0.336710 0.572183 0.667384 0.000000 0.000000 0.000000 1.000000
0.211861 0.852456 0.084063 0.000000 0.000000 0.000000 1.000000
0.349228 0.566115 0.424180 0.000000 0.000000 0.000000 1.000000
0.426245 0.335471 0.022568 0.000000 0.000000 0.000000 1.000000
0.754066 0.159864 0.502132 0.000000 0.000000 0.000000 1.000000
0.660403 0.801110 0.126848 0.000000 0.000000 0.000000 1.000000
0.753250 0.840205 0.342020 0.000000 0.000000 0.000000 1.000000
0.033502 0.171275 0.532221 0.000000 0.000000 0.000000 1.000000
0.674220 0.986259 0.556251 0.000000 0.000000 0.000000 1.000000
0.607455 0.702693 0.540311 0.000000 0.000000 0.000000 1.000000
0.411801 0.575952 0.908220 0.000000 0.000000 0.000000 1.000000
0.620941 0.023402 0.299451 0.000000 0.000000 0.000000 1.000000
0.825716 0.217223 0.652888 0.000000 0.000000 0.000000 1.000000
0.857977 0.532358 0.323601 0.000000 0.000000 0.000000 1.000000
0.085021 0.464886 0.849297 0.000000 0.000000 0.000000 1.000000
0.080286 0.441610 0.467720 0.000000 0.000000 0.000000 1.000000
0.444228 0.774816 0.474348 0.000000 0.000000 0.000000 1.000000
0.394759 0.864905 0.594307 0.000000 0.000000 0.000000 1.000000
0.552127 0.486286 0.662463 0.000000 0.000000 0.000000 1.000000
0.142889 0.363107 0.773042 0.000000 0.000000 0.000000 1.000000
0.418363 0.519360 0.941117 0.000000 0.000000 0.000000 1.000000
0.594915 0.122449 0.536028 0.000000 0.000000 0.000000 1.000000
0.857740 0.979654 0.984622 0.000000 0.000000 0.000000 1.000000
0.254052 0.301974 0.124246 0.000000 0.000000 0.000000 1.000000
0.163197 0.790789 0.310957 0.000000 0.000000 0.000000 1.000000
0.986241 0.622859 0.548800 0.000000 0.000000 0.000000 1.000000
0.689126 0.673607 0.212559 0.000000 0.000000 0.000000 1.000000
0.595599 0.253839 0.895960 0.000000 0.000000 0.000000 1.000000
0.512755 0.857970 0.517295 0.000000 0.000000 0.000000 1.000000
0.096191 0.456359 0.231180 0.000000 0.000000 0.000000 1.000000
0.206755 0.118526 0.602366 0.000000 0.000000 0.000000 1.000000
0.155496 0.703404 0.966266 0.000000 0.000000 0.000000 1.000000
0.765631 0.684269 0.192773 0.000000 0.000000 0.000000 1.000000
0.490406 0.532821 0.015595 0.000000 0.000000 0.000000 1.000000
0.062656 0.068999 0.496513 0.000000 0.000000 0.000000 1.000000
0.522728 0.354352 0.844799 0.000000 0.000000 0.000000 1.000000
0.265027 0.591376 0.581001 0.000000 0.000000 0.000000 1.000000
0.155737 0.966381 0.841848 0.000000 0.000000 0.000000 1.000000
0.872697 0.724495 0.437288 0.000000 0.000000 0.000000 1.000000
0.752772 0.326510 0.712438 0.000000 0.000000 0.000000 1.000000
0.119239 0.801808 0.301634 0.000000 0.000000 0.000000 1.000000
0.516325 0.251382 0.919737 0.000000 0.000000 0.000000 1.000000
0.072840 0.685011 0.084651 0.000000 0.000000 0.000000 1.000000
0.264041 0.186668 0.685233 0.000000 0.000000 0.000000 1.000000
0.814202 0.783397 0.326707 0.000000 0.000000 0.000000 1.000000
0.378235 0.309676 0.051287 0.000000 0.000000 0.000000 1.000000
0.879612 0.205323 0.971152 0.000000 0.000000 0.000000 1.000000
0.351553 0.474971 0.035014 0.000000 0.000000 0.000000 1.000000
0.621441 0.536198 0.116817 0.000000 0.000000 0.000000 1.000000
0.704651 0.616992 0.763877 0.000000 0.000000 0.000000 1.000000
0.134115 0.269004 0.924093 0.000000 0.000000 0.000000 1.000000
0.698021 0.229506 0.491593 0.000000 0.000000 0.000000 1.000000
0.642954 0.943205 0.480147 0.000000 0.000000 0.000000 1.000000
0.513187 0.972023 0.688048 0.000000 0.000000 0.000000 1.000000
0.297644 0.483271 0.378335 0.000000 0.000000 0.000000 1.000000
0.737557 0.652485 0.751081 0.000000 0.000000 0.000000 1.000000
0.201719 0.608982 0.115054 0.000000 0.000000 0.000000 1.000000
0.949472 0.169145 0.438803 0.000000 0.000000 0.000000 1.000000
0.651583 0.172054 0.366245 0.000000 0.000000 0.000000 1.000000
0.344802 0.717762 0.754877 0.000000 0.000000 0.000000 1.000000
0.329054 0.426660 0.127294 0.000000 0.000000 0.000000 1.000000
0.469981 0.243742 0.293395 0.000000 0.000000 0.000000 1.000000
0.571244 0.507708 0.784716 0.000000 0.000000 0.000000 1.000000
0.472372 0.056760 0.122524 0.000000 0.000000 0.000000 1.000000
0.457531 0.357618 0.270697 0.000000 0.000000 0.000000 1.000000
0.482579 0.760350 0.360687 0.000000 0.000000 0.000000 1.000000
0.370729 0.413732 0.876381 0.000000 0.000000 0.000000 1.000000
0.163076 0.172112 0.422654 0.000000 0.000000 0.000000 1.000000
0.573849 0.252174 0.308120 0.000000 0.000000 0.000000 1.000000
0.743143 0.119266 0.006885 0.000000 0.000000 0.000000 1.000000
0.000567 0.864100 0.040092 0.000000 0.000000 0.000000 1.000000
0.954536 0.128982 0.054109 0.000000 0.000000 0.000000 1.000000
0.643876 0.289518 0.976561 0.000000 0.000000 0.000000 1.000000
0.377253 0.948339 0.091233 0.000000 0.000000 0.000000 1.000000
0.812083 0.151685 0.096295 0.000000 0.000000 0.000000 1.000000
0.695939 0.473032 0.688346 0.000000 0.000000 0.000000 1.000000
0.936690 0.171512 0.852606 0.000000 0.000000 0.000000 1.000000
0.625471 0.434664 0.516723 0.000000 0.000000 0.000000 1.000000
0.747543 0.553400 0.016853 0.000000 0.000000 0.000000 1.000000
0.046490 0.657010 0.177841 0.000000 0.000000 0.000000 1.000000
0.347915 0.591799 0.116316 0.000000 0.000000 0.000000 1.000000
0.971502 0.128204 0.881783 0.000000 0.000000 0.000000 1.000000
0.542268 0.608489 0.553163 0.000000 0.000000 0.000000 1.000000
0.757966 0.239580 0.018602 0.000000 0.000000 0.000000 1.000000
0.557253 0.759949 0.066932 0.000000 0.000000 0.000000 1.000000
0.630940 0.849615 0.443041 0.000000 0.000000 0.000000 1.000000
0.995279 0.201696 0.074407 0.000000 0.000000 0.000000 1.000000
0.893176 0.517719 0.001058 0.000000 0.000000 0.000000 1.000000
0.674158 0.192057 0.723714 0.000000 0.000000 0.000000 1.000000
0.481449 0.639263 0.536270 0.000000 0.000000 0.000000 1.000000
0.105914 0.573809 0.689965 0.000000 0.000000 0.000000 1.000000
0.008729 0.149973 0.563418 0.000000 0.000000 0.000000 1.000000
0.657059 0.246810 0.407112 0.000000 0.000000 0.000000 1.000000
0.860095 0.244073 0.148419 0.000000 0.000000 0.000000 1.000000
0.624828 0.365234 0.574299 0.000000 0.000000 0.000000 1.000000
0.025634 0.336954 0.672233 0.000000 0.000000 0.000000 1.000000
0.611118 0.623631 0.227999 0.000000 0.000000 0.000000 1.000000
0.288928 0.253179 0.718042 0.000000 0.000000 0.000000 1.000000
0.144990 0.884618 0.963424 0.000000 0.000000 0.000000 1.000000
0.607424 0.862043 0.354237 0.000000 0.000000 0.000000 1.000000
0.239729 0.602451 0.640479 0.000000 0.000000 0.000000 1.000000
0.466699 0.492348 0.061975 0.000000 0.000000 0.000000 1.000000
0.599254 0.156620 0.979765 0.000000 0.000000 0.000000 1.000000
0.070908 0.108357 0.422526 0.000000 0.000000 0.000000 1.000000
0.748636 0.774777 0.428871 0.000000 0.000000 0.000000 1.000000
0.611295 0.770143 0.741607 0.000000 0.000000 0.000000 1.000000
0.325542 0.856684 0.610061 0.000000 0.000000 0.000000 1.000000
0.128001 0.460917 0.992442 0.000000 0.000000 0.000000 1.000000
0.891241 0.731635 0.849365 0.000000 0.000000 0.000000 1.000000
0.727422 0.254645 0.398712 0.000000 0.000000 0.000000 1.000000
0.846332 0.301098 0.895515 0.000000 0.000000 0.000000 1.000000
0.125708 0.563971 0.080427 0.000000 0.000000 0.000000 1.000000
0.762200 0.991322 0.829129 0.000000 0.000000 0.000000 1.000000
0.401164 0.308074 0.642706 0.000000 0.000000 0.000000 1.000000
0.681203 0.916967 0.662056 0.000000 0.000000 0.000000 1.000000
0.152503 0.281068 0.002863 0.000000 0.000000 0.000000 1.000000
0.298753 0.312726 0.641740 0.000000 0.000000 0.000000 1.000000
0.228943 0.646027 0.930089 0.000000 0.000000 0.000000 1.000000
0.416900 0.513512 0.838944 0.000000 0.000000 0.000000 1.000000
0.217722 0.391668 0.469611 0.000000 0.000000 0.000000 1.000000
0.763696 0.829142 0.105679 0.000000 0.000000 0.000000 1.000000
0.633729 0.726046 0.778152 0.000000 0.000000 0.000000 1.000000
0.189223 0.732862 0.356686 0.000000 0.000000 0.000000 1.000000
0.682240 0.184543 0.624863 0.000000 0.000000 0.000000 1.000000
0.790751 0.838577 0.490012 0.000000 0.000000 0.000000 1.000000
0.901162 0.613694 0.153865 0.000000 0.000000 0.000000 1.000000
0.304155 0.568230 0.277518 0.000000 0.000000 0.000000 1.000000
0.805688 0.604193 0.935072 0.000000 0.000000 0.000000 1.000000
0.890339 0.686985 0.084449 0.000000 0.000000 0.000000 1.000000
0.834350 0.362860 0.882251 0.000000 0.000000 0.000000 1.000000
0.290667 0.455603 0.624831 0.000000 0.000000 0.000000 1.000000
0.939554 0.360985 0.294669 0.000000 0.000000 0.000000 1.000000
0.302383 0.473621 0.486521 0.000000 0.000000 0.000000 1.000000
0.459126 0.965713 0.954478 0.000000 0.000000 0.000000 1.000000
0.380432 0.049895 0.233443 0.000000 0.000000 0.000000 1.000000
0.464561 0.964617 0.196095 0.000000 0.000000 0.000000 1.000000
0.030401 0.623442 0.696751 0.000000 0.000000 0.000000 1.000000
0.834136 0.950499 0.609512 0.000000 0.000000 0.000000 1.000000
0.433914 0.129635 0.943451 0.000000 0.000000 0.000000 1.000000
0.485181 0.799369 0.994781 0.000000 0.000000 0.000000 1.000000
0.785273 0.052898 0.754715 0.000000 0.000000 0.000000 1.000000
0.100809 0.039413 0.326113 0.000000 0.000000 0.000000 1.000000
0.068283 0.964706 0.063308 0.000000 0.000000 0.000000 1.000000
0.067523 0.347686 0.574214 0.000000 0.000000 0.000000 1.000000
0.153819 0.227698 0.370975 0.000000 0.000000 0.000000 1.000000
0.628158 0.512808 0.855695 0.000000 0.000000 0.000000 1.000000
0.666077 0.384460 0.361410 0.000000 0.000000 0.000000 1.000000
0.928731 0.756449 0.344007 0.000000 0.000000 0.000000 1.000000
0.640223 0.116349 0.634004 0.000000 0.000000 0.000000 1.000000
0.607696 0.340181 0.966340 0.000000 0.000000 0.000000 1.000000
0.145425 0.285972 0.594436 0.000000 0.000000 0.000000 1.000000
0.006489 0.353995 0.701884 0.000000 0.000000 0.000000 1.000000
0.269395 0.518813 0.778227 0.000000 0.000000 0.000000 1.000000
0.117744 0.150813 0.651894 0.000000 0.000000 0.000000 1.000000
0.571731 0.391273 0.323613 0.000000 0.000000 0.000000 1.000000
0.567703 0.694655 0.473898 0.000000 0.000000 0.000000 1.000000
0.266516 0.458225 0.981884 0.000000 0.000000 0.000000 1.000000
0.067131 0.318289 0.105856 0.000000 0.000000 0.000000 1.000000
0.308337 0.431778 0.592907 0.000000 0.000000 0.000000 1.000000
0.370371 0.854352 0.327668 0.000000 0.000000 0.000000 1.000000
0.970289 0.878226 0.249822 0.000000 0.000000 0.000000 1.000000
0.054913 0.806401 0.043774 0.000000 0.000000 0.000000 1.000000
0.796806 0.641309 0.661729 0.000000 0.000000 0.000000 1.000000
0.060473 0.505266 0.987816 0.000000 0.000000 0.000000 1.000000
0.451687 0.087430 0.808681 0.000000 0.000000 0.000000 1.000000
0.553689 0.258770 0.022227 0.000000 0.000000 0.000000 1.000000
0.006195 0.355935 0.773671 0.000000 0.000000 0.000000 1.000000
0.917917 0.086149 0.905610 0.000000 0.000000 0.000000 1.000000
0.386516 0.528321 0.315442 0.000000 0.000000 0.000000 1.000000
0.821272 0.980331 0.911004 0.000000 0.000000 0.000000 1.000000
0.432351 0.325917 0.508397 0.000000 0.000000 0.000000 1.000000
0.768903 0.450538 0.668953 0.000000 0.000000 0.000000 1.000000
0.434118 0.000076 0.546132 0.000000 0.000000 0.000000 1.000000
0.682487 0.182108 0.414808 0.000000 0.000000 0.000000 1.000000
0.365367 0.130309 0.405670 0.000000 0.000000 0.000000 1.000000
0.889922 0.202815 0.679960 0.000000 0.000000 0.000000 1.000000
0.992505 0.519993 0.575445 0.000000 0.000000 0.000000 1.000000
0.038442 0.479070 0.882451 0.000000 0.000000 0.000000 1.000000
0.870717 0.491998 0.450452 0.000000 0.000000 0.000000 1.000000
0.237791 0.176994 0.944026 0.000000 0.000000 0.000000 1.000000
0.067923 0.467503 0.825937 0.000000 0.000000 0.000000 1.000000
0.908187 0.776970 0.004337 0.000000 0.000000 0.000000 1.000000
0.635646 0.246097 0.750325 0.000000 0.000000 0.000000 1.000000
0.138068 0.025670 0.822834 0.000000 0.000000 0.000000 1.000000
0.531168 0.016443 0.971642 0.000000 0.000000 0.000000 1.000000
0.065303 0.289850 0.269950 0.000000 0.000000 0.000000 1.000000
0.851593 0.315352 0.729614 0.000000 0.000000 0.000000 1.000000
0.347175 0.031365 0.389726 0.000000 0.000000 0.000000 1.000000
0.061423 0.919913 0.044069 0.000000 0.000000 0.000000 1.000000
0.075204 0.964169 0.359215 0.000000 0.000000 0.000000 1.000000
0.169600 0.211953 0.349169 0.000000 0.000000 0.000000 1.000000
0.552799 0.380857 0.495474 0.000000 0.000000 0.000000 1.000000
0.988025 0.995155 0.107141 0.000000 0.000000 0.000000 1.000000
0.401190 0.587658 0.802147 0.000000 0.000000 0.000000 1.000000
0.696981 0.274088 0.933488 0.000000 0.000000 0.000000 1.000000
0.649036 0.157414 0.695576 0.000000 0.000000 0.000000 1.000000
0.639492 0.488891 0.690058 0.000000 0.000000 0.000000 1.000000
0.416528 0.453707 0.142470 0.000000 0.000000 0.000000 1.000000
0.536335 0.985888 0.904116 0.000000 0.000000 0.000000 1.000000
0.414541 0.437378 0.680049 0.000000 0.000000 0.000000 1.000000
0.157404 0.916167 0.352091 0.000000 0.000000 0.000000 1.000000
0.456430 0.978955 0.167425 0.000000 0.000000 0.000000 1.000000
0.237797 0.917318 0.084977 0.000000 0.000000 0.000000 1.000000
0.943670 0.511521 0.793700 0.000000 0.000000 0.000000 1.000000
0.377057 0.777940 0.903422 0.000000 0.000000 0.000000 1.000000
0.695705 0.947016 0.397812 0.000000 0.000000 0.000000 1.000000
0.686135 0.576932 0.867839 0.000000 0.000000 0.000000 1.000000
0.019865 0.666895 0.896418 0.000000 0.000000 0.000000 1.000000
0.522896 0.473711 0.274300 0.000000 0.000000 0.000000 1.000000
0.887711 0.558969 0.282958 0.000000 0.000000 0.000000 1.000000
0.054617 0.858493 0.931528 0.000000 0.000000 0.000000 1.000000
0.796476 0.896359 0.184257 0.000000 0.000000 0.000000 1.000000
0.695312 0.962541 0.522652 0.000000 0.000000 0.000000 1.000000
0.876910 0.237878 0.165875 0.000000 0.000000 0.000000 1.000000
0.144533 0.626099 0.629664 0.000000 0.000000 0.000000 1.000000
0.717830 0.897514 0.120103 0.000000 0.000000 0.000000 1.000000
0.484521 0.852671 0.473353 0.000000 0.000000 0.000000 1.000000
0.967294 0.863599 0.356716 0.000000 0.000000 0.000000 1.000000
0.449768 0.292845 0.164954 0.000000 0.000000 0.000000 1.000000
0.588558 0.919967 0.164787 0.000000 0.000000 0.000000 1.000000
0.308270 0.739005 0.382423 0.000000 0.000000 0.000000 1.000000
0.758471 0.311156 0.172598 0.000000 0.000000 0.000000 1.000000
0.413879 0.105812 0.187967 0.000000 0.000000 0.000000 1.000000
0.103103 0.282814 0.681978 0.000000 0.000000 0.000000 1.000000
0.706678 0.795939 0.534497 0.000000 0.000000 0.000000 1.000000
0.961595 0.743571 0.397159 0.000000 0.000000 0.000000 1.000000
0.683534 0.210200 0.829113 0.000000 0.000000 0.000000 1.000000
0.629835 0.615480 0.611788 0.000000 0.000000 0.000000 1.000000
0.373243 0.084492 0.700484 0.000000 0.000000 0.000000 1.000000
0.386607 0.375770 0.139140 0.000000 0.000000 0.000000 1.000000
0.914691 0.158949 0.402653 0.000000 0.000000 0.000000 1.000000
0.454790 0.488748 0.347355 0.000000 0.000000 0.000000 1.000000
0.346415 0.749856 0.415402 0.000000 0.000000 0.000000 1.000000
0.300227 0.942279 0.001532 0.000000 0.000000 0.000000 1.000000
0.303324 0.086166 0.685666 0.000000 0.000000 0.000000 1.000000
0.336376 0.052600 0.155773 0.000000 0.000000 0.000000 1.000000
0.355652 0.698361 0.533274 0.000000 0.000000 0.000000 1.000000
0.843934 0.873829 0.178997 0.000000 0.000000 0.000000 1.000000
0.650394 0.060130 0.787576 0.000000 0.000000 0.000000 1.000000
0.594056 0.752782 0.129654 0.000000 0.000000 0.000000 1.000000
0.113525 0.216360 0.447460 0.000000 0.000000 0.000000 1.000000
0.882161 0.112971 0.740952 0.000000 0.000000 0.000000 1.000000
0.495787 0.316394 0.174268 0.000000 0.000000 0.000000 1.000000
0.141388 0.437981 0.514819 0.000000 0.000000 0.000000 1.000000
0.057049 0.370637 0.535209 0.000000 0.000000 0.000000 1.000000
0.440784 0.141968 0.557061 0.000000 0.000000 0.000000 1.000000
0.142864 0.976079 0.994153 0.000000 0.000000 0.000000 1.000000
0.920537 0.059218 0.143311 0.000000 0.000000 0.000000 1.000000
0.209571 0.590298 0.700686 0.000000 0.000000 0.000000 1.000000
0.419348 0.602422 0.830496 0.000000 0.000000 0.000000 1.000000
0.375947 0.944936 0.503068 0.000000 0.000000 0.000000 1.000000
0.548608 0.281452 0.046003 0.000000 0.000000 0.000000 1.000000
0.722895 0.737629 0.590014 0.000000 0.000000 0.000000 1.000000
0.298954 0.555345 0.343796 0.000000 0.000000 0.000000 1.000000
0.916245 0.439515 0.086499 0.000000 0.000000 0.000000 1.000000
0.750474 0.615885 0.066581 0.000000 0.000000 0.000000 1.000000
0.040863 0.069112 0.055005 0.000000 0.000000 0.000000 1.000000
0.941011 0.635048 0.851860 0.000000 0.000000 0.000000 1.000000
0.332766 0.152633 0.626416 0.000000 0.000000 0.000000 1.000000
0.179558 0.132187 0.402433 0.000000 0.000000 0.000000 1.000000
0.737890 0.510928 0.870907 0.000000 0.000000 0.000000 1.000000
0.867505 0.215224 0.644145 0.000000 0.000000 0.000000 1.000000
0.611305 0.526628 0.738776 0.000000 0.000000 0.000000 1.000000
0.044251 0.061340 0.545512 0.000000 0.000000 0.000000 1.000000
0.531344 0.266952 0.941733 0.000000 0.000000 0.000000 1.000000
0.604054 0.963400 0.490947 0.000000 0.000000 0.000000 1.000000
0.374871 0.991532 0.223520 0.000000 0.000000 0.000000 1.000000
0.043996 0.436016 0.815438 0.000000 0.000000 0.000000 1.000000
0.845059 0.725772 0.105161 0.000000 0.000000 0.000000 1.000000
0.570522 0.569706 0.589407 0.000000 0.000000 0.000000 1.000000
0.844180 0.293497 0.958626 0.000000 0.000000 0.000000 1.000000
0.455200 0.612974 0.383006 0.000000 0.000000 0.000000 1.000000
0.524945 0.245218 0.874550 0.000000 0.000000 0.000000 1.000000
0.235807 0.461523 0.839651 0.000000 0.000000 0.000000 1.000000
0.921370 0.868122 0.665509 0.000000 0.000000 0.000000 1.000000
0.420959 0.909856 0.486250 0.000000 0.000000 0.000000 1.000000
0.538292 0.373129 0.038775 0.000000 0.000000 0.000000 1.000000
0.802024 0.746433 0.039178 0.000000 0.000000 0.000000 1.000000
0.671339 0.887145 0.274847 0.000000 0.000000 0.000000 1.000000
0.595865 0.061126 0.660175 0.000000 0.000000 0.000000 1.000000
0.225280 0.643887 0.692226 0.000000 0.000000 0.000000 1.000000
0.061170 0.343789 0.329270 0.000000 0.000000 0.000000 1.000000
0.245419 0.753571 0.186683 0.000000 0.000000 0.000000 1.000000
0.213579 0.526133 0.925615 0.000000 0.000000 0.000000 1.000000
0.079947 0.610606 0.546305 0.000000 0.000000 0.000000 1.000000
0.127068 0.115190 0.565334 0.000000 0.000000 0.000000 1.000000
0.874970 0.863918 0.845788 0.000000 0.000000 0.000000 1.000000
0.559852 0.988322 0.619964 0.000000 0.000000 0.000000 1.000000
0.875877 0.566441 0.620519 0.000000 0.000000 0.000000 1.000000
0.558258 0.638021 0.091028 0.000000 0.000000 0.000000 1.000000
0.239779 0.481455 0.421873 0.000000 0.000000 0.000000 1.000000
0.411731 0.056118 0.518502 0.000000 0.000000 0.000000 1.000000
0.987234 0.570580 0.239671 0.000000 0.000000 0.000000 1.000000
0.552776 0.944109 0.810924 0.000000 0.000000 0.000000 1.000000
0.489379 0.530609 0.969053 0.000000 0.000000 0.000000 1.000000
0.394966 0.263615 0.223967 0.000000 0.000000 0.000000 1.000000
0.681681 0.007121 0.279303 0.000000 0.000000 0.000000 1.000000
0.886788 0.257429 0.631550 0.000000 0.000000 0.000000 1.000000
0.949775 0.855704 0.108493 0.000000 0.000000 0.000000 1.000000
0.515562 0.511757 0.485036 0.000000 0.000000 0.000000 1.000000
0.798247 0.503631 0.986750 0.000000 0.000000 0.000000 1.000000
0.915202 0.209723 0.352716 0.000000 0.000000 0.000000 1.000000
0.857696 0.651609 0.536931 0.000000 0.000000 0.000000 1.000000
0.843634 0.022313 0.988116 0.000000 0.000000 0.000000 1.000000
0.076025 0.156545 0.386907 0.000000 0.000000 0.000000 1.000000
0.622183 0.539695 0.217561 0.000000 0.000000 0.000000 1.000000
0.852936 0.752865 0.752368 0.000000 0.000000 0.000000 1.000000
0.450878 0.159894 0.794332 0.000000 0.000000 0.000000 1.000000
0.076168 0.363383 0.315141 0.000000 0.000000 0.000000 1.000000
0.441809 0.780182 0.714885 0.000000 0.000000 0.000000 1.000000
0.739595 0.451093 0.968212 0.000000 0.000000 0.000000 1.000000
0.640539 0.338166 0.169793 0.000000 0.000000 0.000000 1.000000
0.745070 0.073187 0.008809 0.000000 0.000000 0.000000 1.000000
0.206373 0.192010 0.648515 0.000000 0.000000 0.000000 1.000000
0.683383 0.572874 0.444912 0.000000 0.000000 0.000000 1.000000
0.958847 0.080383 0.704551 0.000000 0.000000 0.000000 1.000000
0.406646 0.890579 0.938411 0.000000 0.000000 0.000000 1.000000
0.014401 0.431511 0.709047 0.000000 0.000000 0.000000 1.000000
0.658619 0.504673 0.330709 0.000000 0.000000 0.000000 1.000000
0.531851 0.226991 0.082724 0.000000 0.000000 0.000000 1.000000
0.257383 0.046623 0.940484 0.000000 0.000000 0.000000 1.000000
0.946742 0.982481 0.252836 0.000000 0.000000 0.000000 1.000000
0.199264 0.520306 0.041038 0.000000 0.000000 0.000000 1.000000
0.188635 0.315831 0.598877 0.000000 0.000000 0.000000 1.000000
0.897182 0.012762 0.995831 0.000000 0.000000 0.000000 1.000000
0.533674 0.172732 0.559955 0.000000 0.000000 0.000000 1.000000
0.543968 0.119959 0.646489 0.000000 0.000000 0.000000 1.000000
0.048736 0.375798 0.389567 0.000000 0.000000 0.000000 1.000000
0.969458 0.658079 0.479015 0.000000 0.000000 0.000000 1.000000
0.291858 0.890808 0.354002 0.000000 0.000000 0.000000 1.000000
0.605597 0.803575 0.702458 0.000000 0.000000 0.000000 1.000000
0.025739 0.504774 0.991249 0.000000 0.000000 0.000000 1.000000
0.952481 0.970670 0.630534 0.000000 0.000000 0.000000 1.000000
0.661529 0.969163 0.057443 0.000000 0.000000 0.000000 1.000000
0.370624 0.921163 0.884614 0.000000 0.000000 0.000000 1.000000
0.311814 0.925646 0.838955 0.000000 0.000000 0.000000 1.000000
0.853943 0.426940 0.794060 0.000000 0.000000 0.000000 1.000000
0.542087 0.721206 0.120281 0.000000 0.000000 0.000000 1.000000
0.094723 0.104001 0.689053 0.000000 0.000000 0.000000 1.000000
0.871910 0.142931 0.428045 0.000000 0.000000 0.000000 1.000000
0.314364 0.476750 0.706881 0.000000 0.000000 0.000000 1.000000
0.759465 0.978993 0.766271 0.000000 0.000000 0.000000 1.000000
0.030860 0.157633 0.269322 0.000000 0.000000 0.000000 1.000000
0.886521 0.588975 0.530283 0.000000 0.000000 0.000000 1.000000
0.003430 0.455160 0.414168 0.000000 0.000000 0.000000 1.000000
0.931826 0.695880 0.958635 0.000000 0.000000 0.000000 1.000000
0.764793 0.341550 0.420291 0.000000 0.000000 0.000000 1.000000
0.132467 0.337323 0.054610 0.000000 0.000000 0.000000 1.000000
0.717221 0.560702 0.679588 0.000000 0.000000 0.000000 1.000000
0.155699 0.292300 0.080311 0.000000 0.000000 0.000000 1.000000
0.730032 0.410767 0.579821 0.000000 0.000000 0.000000 1.000000
0.199243 0.367721 0.938118 0.000000 0.000000 0.000000 1.000000
0.906526 0.361486 0.953198 0.000000 0.000000 0.000000 1.000000
0.063624 0.173921 0.922806 0.000000 0.000000 0.000000 1.000000
0.289112 0.928755 0.667869 0.000000 0.000000 0.000000 1.000000
0.439551 0.082570 0.994717 0.000000 0.000000 0.000000 1.000000
0.629160 0.755159 0.098076 0.000000 0.000000 0.000000 1.000000
0.940312 0.129708 0.348058 0.000000 0.000000 0.000000 1.000000
0.755381 0.863833 0.755471 0.000000 0.000000 0.000000 1.000000
0.912933 0.739738 0.049411 0.000000 0.000000 0.000000 1.000000
0.271306 0.543088 0.863770 0.000000 0.000000 0.000000 1.000000
0.876915 0.682860 0.916249 0.000000 0.000000 0.000000 1.000000
0.203043 0.427798 0.353476 0.000000 0.000000 0.000000 1.000000
0.329227 0.397037 0.555598 0.000000 0.000000 0.000000 1.000000
0.102045 0.303707 0.400261 0.000000 0.000000 0.000000 1.000000
0.243165 0.788823 0.026482 0.000000 0.000000 0.000000 1.000000
0.277792 0.089206 0.566646 0.000000 0.000000 0.000000 1.000000
0.232734 0.150453 0.304789 0.000000 0.000000 0.000000 1.000000
0.859157 0.856799 0.117631 0.000000 0.000000 0.000000 1.000000
0.061522 0.874547 0.150400 0.000000 0.000000 0.000000 1.000000
0.977118 0.192208 0.145929 0.000000 0.000000 0.000000 1.000000
0.640972 0.709703 0.689108 0.000000 0.000000 0.000000 1.000000
0.701446 0.505463 0.206789 0.000000 0.000000 0.000000 1.000000
0.632164 0.300784 0.092739 0.000000 0.000000 0.000000 1.000000
0.817957 0.902813 0.465950 0.000000 0.000000 0.000000 1.000000
0.872940 0.530235 0.009661 0.000000 0.000000 0.000000 1.000000
0.371752 0.256115 0.741956 0.000000 0.000000 0.000000 1.000000
0.044038 0.752862 0.257359 0.000000 0.000000 0.000000 1.000000
0.082410 0.040408 0.636004 0.000000 0.000000 0.000000 1.000000
0.282271 0.573464 0.365888 0.000000 0.000000 0.000000 1.000000
0.240859 0.820112 0.957614 0.000000 0.000000 0.000000 1.000000
0.792177 0.350024 0.097571 0.000000 0.000000 0.000000 1.000000
0.838691 0.327151 0.915289 0.000000 0.000000 0.000000 1.000000
0.366164 0.832155 0.152570 0.000000 0.000000 0.000000 1.000000
0.475111 0.406515 0.235966 0.000000 0.000000 0.000000 1.000000
0.825998 0.395535 0.142654 0.000000 0.000000 0.000000 1.000000
0.265482 0.039119 0.301273 0.000000 0.000000 0.000000 1.000000
0.517462 0.357127 0.778818 0.000000 0.000000 0.000000 1.000000
0.515858 0.256056 0.166988 0.000000 0.000000 0.000000 1.000000
0.484046 0.563225 0.539351 0.000000 0.000000 0.000000 1.000000
0.505523 0.011219 0.268324 0.000000 0.000000 0.000000 1.000000
0.201664 0.457150 0.317852 0.000000 0.000000 0.000000 1.000000
0.418491 0.705114 0.521197 0.000000 0.000000 0.000000 1.000000
0.499583 0.832725 0.203305 0.000000 0.000000 0.000000 1.000000
0.749733 0.716589 0.264371 0.000000 0.000000 0.000000 1.000000
0.516142 0.004250 0.367227 0.000000 0.000000 0.000000 1.000000
0.230265 0.973210 0.211100 0.000000 0.000000 0.000000 1.000000
0.564251 0.713505 0.086082 0.000000 0.000000 0.000000 1.000000
0.392283 0.784285 0.999875 0.000000 0.000000 0.000000 1.000000
0.027325 0.953921 0.656170 0.000000 0.000000 0.000000 1.000000
0.234252 0.211122 0.832468 0.000000 0.000000 0.000000 1.000000
0.171931 0.654120 0.336606 0.000000 0.000000 0.000000 1.000000
0.550842 0.600825 0.061707 0.000000 0.000000 0.000000 1.000000
0.854375 0.285698 0.069340 0.000000 0.000000 0.000000 1.000000
0.358612 0.008212 0.199722 0.000000 0.000000 0.000000 1.000000
0.987994 0.843341 0.751703 0.000000 0.000000 0.000000 1.000000
0.364387 0.733228 0.725736 0.000000 0.000000 0.000000 1.000000
0.172944 0.616036 0.676633 0.000000 0.000000 0.000000 1.000000
0.351894 0.575923 0.520945 0.000000 0.000000 0.000000 1.000000
0.234461 0.912995 0.230594 0.000000 0.000000 0.000000 1.000000
0.479966 0.242927 0.987221 0.000000 0.000000 0.000000 1.000000
0.052970 0.332238 0.713699 0.000000 0.000000 0.000000 1.000000
0.429669 0.784786 0.180639 0.000000 0.000000 0.000000 1.000000
0.616953 0.750570 0.263943 0.000000 0.000000 0.000000 1.000000
0.199389 0.970372 0.327028 0.000000 0.000000 0.000000 1.000000
0.450767 0.132114 0.173606 0.000000 0.000000 0.000000 1.000000
0.307420 0.620791 0.971615 0.000000 0.000000 0.000000 1.000000
0.820994 0.646236 0.281096 0.000000 0.000000 0.000000 1.000000
0.315403 0.588502 0.046420 0.000000 0.000000 0.000000 1.000000
0.422463 0.561306 0.751789 0.000000 0.000000 0.000000 1.000000
0.293215 0.820658 0.948128 0.000000 0.000000 0.000000 1.000000
0.221730 0.944930 0.444401 0.000000 0.000000 0.000000 1.000000
0.829583 0.263584 0.251637 0.000000 0.000000 0.000000 1.000000
0.315030 0.062389 0.794957 0.000000 0.000000 0.000000 1.000000
0.430767 0.804309 0.906981 0.000000 0.000000 0.000000 1.000000
0.955126 0.038336 0.355803 0.000000 0.000000 0.000000 1.000000
0.783434 0.867392 0.785270 0.000000 0.000000 0.000000 1.000000
0.832964 0.914869 0.804940 0.000000 0.000000 0.000000 1.000000
0.827617 0.087611 0.014788 0.000000 0.000000 0.000000 1.000000
0.431362 0.559770 0.802931 0.000000 0.000000 0.000000 1.000000
0.415228 0.990601 0.043675 0.000000 0.000000 0.000000 1.000000
0.728468 0.781786 0.075046 0.000000 0.000000 0.000000 1.000000
0.855491 0.638491 0.476590 0.000000 0.000000 0.000000 1.000000
0.126598 0.579745 0.205417 0.000000 0.000000 0.000000 1.000000
0.076314 0.375082 0.082368 0.000000 0.000000 0.000000 1.000000
0.542290 0.014401 0.407889 0.000000 0.000000 0.000000 1.000000
0.014627 0.352812 0.199530 0.000000 0.000000 0.000000 1.000000
0.232159 0.650416 0.177554 0.000000 0.000000 0.000000 1.000000
0.873453 0.874235 0.740783 0.000000 0.000000 0.000000 1.000000
0.678958 0.028301 0.301427 0.000000 0.000000 0.000000 1.000000
0.715555 0.375072 0.010253 0.000000 0.000000 0.000000 1.000000
0.839445 0.352123 0.623592 0.000000 0.000000 0.000000 1.000000
0.412906 0.988277 0.171959 0.000000 0.000000 0.000000 1.000000
0.545776 0.544026 0.883033 0.000000 0.000000 0.000000 1.000000
0.595273 0.073882 0.712337 0.000000 0.000000 0.000000 1.000000
0.163318 0.358654 0.031695 0.000000 0.000000 0.000000 1.000000
0.053798 0.727781 0.578011 0.000000 0.000000 0.000000 1.000000
0.265976 0.036633 0.814575 0.000000 0.000000 0.000000 1.000000
0.530779 0.576311 0.642608 0.000000 0.000000 0.000000 1.000000
0.842726 0.972933 0.210422 0.000000 0.000000 0.000000 1.000000
0.483226 0.657289 0.887313 0.000000 0.000000 0.000000 1.000000
0.150692 0.949213 0.572911 0.000000 0.000000 0.000000 1.000000
0.655550 0.394784 0.098063 0.000000 0.000000 0.000000 1.000000
0.390404 0.062083 0.004240 0.000000 0.000000 0.000000 1.000000
0.665312 0.135395 0.561589 0.000000 0.000000 0.000000 1.000000
0.751923 0.345408 0.531475 0.000000 0.000000 0.000000 1.000000
0.062049 0.566031 0.483018 0.000000 0.000000 0.000000 1.000000
0.028714 0.454479 0.727605 0.000000 0.000000 0.000000 1.000000
0.205649 0.723064 0.900330 0.000000 0.000000 0.000000 1.000000
0.434277 0.945387 0.891665 0.000000 0.000000 0.000000 1.000000
0.360809 0.777628 0.232258 0.000000 0.000000 0.000000 1.000000
0.818127 0.648354 0.000482 0.000000 0.000000 0.000000 1.000000
0.118606 0.381873 0.809242 0.000000 0.000000 0.000000 1.000000
0.984435 0.850217 0.360545 0.000000 0.000000 0.000000 1.000000
0.384472 0.701174 0.839262 0.000000 0.000000 0.000000 1.000000
0.351902 0.446864 0.896022 0.000000 0.000000 0.000000 1.000000
0.439729 0.345494 0.803505 0.000000 0.000000 0.000000 1.000000
0.219108 0.437154 0.713579 0.000000 0.000000 0.000000 1.000000
0.850512 0.621206 0.985889 0.000000 0.000000 0.000000 1.000000
0.277408 0.708395 0.466624 0.000000 0.000000 0.000000 1.000000
0.377080 0.493030 0.203020 0.000000 0.000000 0.000000 1.000000
0.808620 0.749793 0.305029 0.000000 0.000000 0.000000 1.000000
0.079730 0.503703 0.507397 0.000000 0.000000 0.000000 1.000000
0.057533 0.889064 0.202541 0.000000 0.000000 0.000000 1.000000
0.962406 0.286136 0.643746 0.000000 0.000000 0.000000 1.000000
0.390575 0.601796 0.426204 0.000000 0.000000 0.000000 1.000000
0.195046 0.714424 0.585479 0.000000 0.000000 0.000000 1.000000
0.650014 0.312830 0.857955 0.000000 0.000000 0.000000 1.000000
0.409575 0.165497 0.874947 0.000000 0.000000 0.000000 1.000000
0.111571 0.305071 0.888740 0.000000 0.000000 0.000000 1.000000
0.505064 0.220178 0.444247 0.000000 0.000000 0.000000 1.000000
0.849567 0.415609 0.091424 0.000000 0.000000 0.000000 1.000000
0.207641 0.973157 0.510230 0.000000 0.000000 0.000000 1.000000
0.325257 0.829110 0.589686 0.000000 0.000000 0.000000 1.000000
0.455873 0.728689 0.392170 0.000000 0.000000 0.000000 1.000000
0.272271 0.180003 0.535925 0.000000 0.000000 0.000000 1.000000
0.397289 0.774567 0.442971 0.000000 0.000000 0.000000 1.000000
0.866678 0.041886 0.895651 0.000000 0.000000 0.000000 1.000000
0.698305 0.685896 0.169057 0.000000 0.000000 0.000000 1.000000
0.319020 0.509736 0.369446 0.000000 0.000000 0.000000 1.000000
0.730986 0.613267 0.736204 0.000000 0.000000 0.000000 1.000000
0.323099 0.055400 0.753086 0.000000 0.000000 0.000000 1.000000
0.792623 0.514422 0.721719 0.000000 0.000000 0.000000 1.000000
0.703528 0.392420 0.506959 0.000000 0.000000 0.000000 1.000000
0.330630 0.212198 0.628242 0.000000 0.000000 0.000000 1.000000
0.625157 0.470635 0.079015 0.000000 0.000000 0.000000 1.000000
0.519125 0.198312 0.531335 0.000000 0.000000 0.000000 1.000000
0.511655 0.993761 0.088280 0.000000 0.000000 0.000000 1.000000
0.830782 0.474639 0.114263 0.000000 0.000000 0.000000 1.000000
0.773082 0.160830 0.784921 0.000000 0.000000 0.000000 1.000000
0.196029 0.662710 0.028185 0.000000 0.000000 0.000000 1.000000
0.261611 0.798248 0.786873 0.000000 0.000000 0.000000 1.000000
0.225561 0.146365 0.132723 0.000000 0.000000 0.000000 1.000000
0.871124 0.408239 0.901301 0.000000 0.000000 0.000000 1.000000
0.131764 0.174964 0.376949 0.000000 0.000000 0.000000 1.000000
0.046262 0.073788 0.156176 0.000000 0.000000 0.000000 1.000000
0.002723 0.126304 0.971747 0.000000 0.000000 0.000000 1.000000
0.486005 0.016920 0.864596 0.000000 0.000000 0.000000 1.000000
0.634751 0.506180 0.314850 0.000000 0.000000 0.000000 1.000000
0.162461 0.718059 0.090428 0.000000 0.000000 0.000000 1.000000
0.049127 0.670722 0.604008 0.000000 0.000000 0.000000 1.000000
0.897126 0.079336 0.195303 0.000000 0.000000 0.000000 1.000000
0.367808 0.725814 0.256902 0.000000 0.000000 0.000000 1.000000
0.606145 0.017995 0.344243 0.000000 0.000000 0.000000 1.000000
0.154769 0.931381 0.487155 0.000000 0.000000 0.000000 1.000000
0.731138 0.000809 0.008256 0.000000 0.000000 0.000000 1.000000
0.007064 0.891169 0.605733 0.000000 0.000000 0.000000 1.000000
0.408114 0.699954 0.807642 0.000000 0.000000 0.000000 1.000000
0.664926 0.286702 0.185920 0.000000 0.000000 0.000000 1.000000
0.955999 0.133688 0.088186 0.000000 0.000000 0.000000 1.000000
0.071068 0.400623 0.862403 0.000000 0.000000 0.000000 1.000000
0.926027 0.604502 0.554476 0.000000 0.000000 0.000000 1.000000
0.503912 0.493498 0.940305 0.000000 0.000000 0.000000 1.000000
0.362027 0.161583 0.964904 0.000000 0.000000 0.000000 1.000000
0.532249 0.033457 0.480726 0.000000 0.000000 0.000000 1.000000
0.788183 0.245467 0.209988 0.000000 0.000000 0.000000 1.000000
0.472572 0.465562 0.604528 0.000000 0.000000 0.000000 1.000000
0.823010 0.485337 0.789563 0.000000 0.000000 0.000000 1.000000
0.635486 0.380703 0.359938 0.000000 0.000000 0.000000 1.000000
0.082506 0.005610 0.372744 0.000000 0.000000 0.000000 1.000000
0.192023 0.687261 0.156456 0.000000 0.000000 0.000000 1.000000
0.835850 0.237704 0.161761 0.000000 0.000000 0.000000 1.000000
0.060132 0.645332 0.985236 0.000000 0.000000 0.000000 1.000000
0.860698 0.283471 0.235497 0.000000 0.000000 0.000000 1.000000
0.020830 0.433465 0.230618 0.000000 0.000000 0.000000 1.000000
0.088470 0.551188 0.290162 0.000000 0.000000 0.000000 1.000000
0.377179 0.238832 0.805455 0.000000 0.000000 0.000000 1.000000
0.801600 0.810124 0.335093 0.000000 0.000000 0.000000 1.000000
0.975323 0.781219 0.963953 0.000000 0.000000 0.000000 1.000000
0.514615 0.379005 0.109807 0.000000 0.000000 0.000000 1.000000
0.846359 0.264817 0.861095 0.000000 0.000000 0.000000 1.000000
0.458739 0.338733 0.842367 0.000000 0.000000 0.000000 1.000000
0.030785 0.692882 0.775816 0.000000 0.000000 0.000000 1.000000
0.646092 0.160902 0.667526 0.000000 0.000000 0.000000 1.000000
0.187382 0.727255 0.476703 0.000000 0.000000 0.000000 1.000000
0.090902 0.326538 0.247771 0.000000 0.000000 0.000000 1.000000
0.786137 0.235202 0.256321 0.000000 0.000000 0.000000 1.000000
0.330415 0.541376 0.533524 0.000000 0.000000 0.000000 1.000000
0.303657 0.469487 0.613422 0.000000 0.000000 0.000000 1.000000
0.373181 0.797203 0.434620 0.000000 0.000000 0.000000 1.000000
0.145607 0.325365 0.511046 0.000000 0.000000 0.000000 1.000000
0.771971 0.478259 0.371179 0.000000 0.000000 0.000000 1.000000
0.357994 0.289532 0.051041 0.000000 0.000000 0.000000 1.000000
0.389916 0.327575 0.525860 0.000000 0.000000 0.000000 1.000000
0.640960 0.762921 0.539642 0.000000 0.000000 0.000000 1.000000
0.364123 0.487197 0.088041 0.000000 0.000000 0.000000 1.000000
0.254478 0.090882 0.957782 0.000000 0.000000 0.000000 1.000000
0.224441 0.064800 0.216405 0.000000 0.000000 0.000000 1.000000
0.707688 0.046700 0.317743 0.000000 0.000000 0.000000 1.000000
0.559811 0.689282 0.981454 0.000000 0.000000 0.000000 1.000000
0.091565 0.429176 0.670253 0.000000 0.000000 0.000000 1.000000
0.743170 0.758069 0.482421 0.000000 0.000000 0.000000 1.000000
0.006690 0.849875 0.504598 0.000000 0.000000 0.000000 1.000000
0.472303 0.048275 0.886653 0.000000 0.000000 0.000000 1.000000
0.388500 0.062559 0.976951 0.000000 0.000000 0.000000 1.000000
0.149980 0.699931 0.546194 0.000000 0.000000 0.000000 1.000000
0.122953 0.973306 0.561596 0.000000 0.000000 0.000000 1.000000
0.371444 0.721635 0.714616 0.000000 0.000000 0.000000 1.000000
0.552727 0.316421 0.847880 0.000000 0.000000 0.000000 1.000000
0.961421 0.252181 0.178052 0.000000 0.000000 0.000000 1.000000
0.406597 0.389448 0.749267 0.000000 0.000000 0.000000 1.000000
0.861704 0.648877 0.797784 0.000000 0.000000 0.000000 1.000000
0.689339 0.100864 0.616553 0.000000 0.000000 0.000000 1.000000
0.406786 0.444844 0.526446 0.000000 0.000000 0.000000 1.000000
0.967593 0.546487 0.980898 0.000000 0.000000 0.000000 1.000000
0.351679 0.875198 0.153118 0.000000 0.000000 0.000000 1.000000
0.689312 0.260431 0.351984 0.000000 0.000000 0.000000 1.000000
0.624637 0.276937 0.362760 0.000000 0.000000 0.000000 1.000000
0.798053 0.570435 0.371508 0.000000 0.000000 0.000000 1.000000
0.053106 0.929403 0.670166 0.000000 0.000000 0.000000 1.000000
0.424576 0.947217 0.630384 0.000000 0.000000 0.000000 1.000000
0.536481 0.063202 0.146948 0.000000 0.000000 0.000000 1.000000
0.087921 0.663435 0.869657 0.000000 0.000000 0.000000 1.000000
0.831391 0.142561 0.553785 0.000000 0.000000 0.000000 1.000000
0.596651 0.319751 0.011816 0.000000 0.000000 0.000000 1.000000
0.474236 0.246112 0.514964 0.000000 0.000000 0.000000 1.000000
0.786824 0.149863 0.461918 0.000000 0.000000 0.000000 1.000000
0.562586 0.639924 0.009345 0.000000 0.000000 0.000000 1.000000
0.730112 0.688129 0.796839 0.000000 0.000000 0.000000 1.000000
0.059692 0.481562 0.354945 0.000000 0.000000 0.000000 1.000000
0.370679 0.476158 0.399405 0.000000 0.000000 0.000000 1.000000
0.830602 0.169231 0.502273 0.000000 0.000000 0.000000 1.000000
0.715443 0.393654 0.210539 0.000000 0.000000 0.000000 1.000000
0.997956 0.450644 0.660719 0.000000 0.000000 0.000000 1.000000
0.848780 0.968253 0.702368 0.000000 0.000000 0.000000 1.000000
0.988027 0.878013 0.485745 0.000000 0.000000 0.000000 1.000000
0.913284 0.761423 0.820077 0.000000 0.000000 0.000000 1.000000
0.795701 0.946401 0.783038 0.000000 0.000000 0.000000 1.000000
0.849910 0.955829 0.438065 0.000000 0.000000 0.000000 1.000000
0.304686 0.107784 0.921129 0.000000 0.000000 0.000000 1.000000
0.332559 0.697364 0.177022 0.000000 0.000000 0.000000 1.000000
0.373682 0.805317 0.036990 0.000000 0.000000 0.000000 1.000000
0.159994 0.661277 0.091754 0.000000 0.000000 0.000000 1.000000
0.448807 0.339329 0.109711 0.000000 0.000000 0.000000 1.000000
0.661009 0.606197 0.512664 0.000000 0.000000 0.000000 1.000000
0.068693 0.446339 0.969166 0.000000 0.000000 0.000000 1.000000
0.762530 0.127579 0.658909 0.000000 0.000000 0.000000 1.000000
0.577092 0.849701 0.730413 0.000000 0.000000 0.000000 1.000000
0.174637 0.619172 0.034574 0.000000 0.000000 0.000000 1.000000
0.003563 0.034003 0.225909 0.000000 0.000000 0.000000 1.000000
0.055499 0.233970 0.363515 0.000000 0.000000 0.000000 1.000000
0.232888 0.166202 0.715873 0.000000 0.000000 0.000000 1.000000
0.398134 0.049027 0.797721 0.000000 0.000000 0.000000 1.000000
0.975728 0.409918 0.507903 0.000000 0.000000 0.000000 1.000000
0.076275 0.491227 0.552064 0.000000 0.000000 0.000000 1.000000
0.237430 0.930536 0.079266 0.000000 0.000000 0.000000 1.000000
0.934233 0.018626 0.714463 0.000000 0.000000 0.000000 1.000000
0.383152 0.417934 0.213795 0.000000 0.000000 0.000000 1.000000
0.802614 0.798787 0.154818 0.000000 0.000000 0.000000 1.000000
0.252941 0.719523 0.730058 0.000000 0.000000 0.000000 1.000000
0.379684 0.761094 0.771991 0.000000 0.000000 0.000000 1.000000
0.330881 0.359397 0.054605 0.000000 0.000000 0.000000 1.000000
0.147100 0.008015 0.573683 0.000000 0.000000 0.000000 1.000000
0.422729 0.988550 0.730755 0.000000 0.000000 0.000000 1.000000
0.991647 0.384788 0.524688 0.000000 0.000000 0.000000 1.000000
0.910730 0.565136 0.829495 0.000000 0.000000 0.000000 1.000000
0.509229 0.956504 0.775243 0.000000 0.000000 0.000000 1.000000
0.267125 0.861919 0.416421 0.000000 0.000000 0.000000 1.000000
0.487306 0.414331 0.314853 0.000000 0.000000 0.000000 1.000000
0.998264 0.536153 0.800656 0.000000 0.000000 0.000000 1.000000
0.282583 0.649315 0.294340 0.000000 0.000000 0.000000 1.000000
0.824700 0.343147 0.156150 0.000000 0.000000 0.000000 1.000000
0.383253 0.140029 0.293661 0.000000 0.000000 0.000000 1.000000
0.884502 0.178485 0.343983 0.000000 0.000000 0.000000 1.000000
0.136171 0.166359 0.156993 0.000000 0.000000 0.000000 1.000000
0.515236 0.423442 0.319345 0.000000 0.000000 0.000000 1.000000
0.290321 0.973385 0.180837 0.000000 0.000000 0.000000 1.000000
0.873894 0.441999 0.566780 0.000000 0.000000 0.000000 1.000000
0.291048 0.954440 0.718686 0.000000 0.000000 0.000000 1.000000
0.929684 0.136071 0.831235 0.000000 0.000000 0.000000 1.000000
0.253919 0.111235 0.300381 0.000000 0.000000 0.000000 1.000000
0.866645 0.995872 0.416049 0.000000 0.000000 0.000000 1.000000
0.324693 0.339023 0.811508 0.000000 0.000000 0.000000 1.000000
0.094321 0.586401 0.403618 0.000000 0.000000 0.000000 1.000000
0.317510 0.026679 0.829124 0.000000 0.000000 0.000000 1.000000
0.274961 0.770571 0.205941 0.000000 0.000000 0.000000 1.000000
0.399266 0.310674 0.138898 0.000000 0.000000 0.000000 1.000000
0.217170 0.473789 0.172749 0.000000 0.000000 0.000000 1.000000
0.762709 0.489093 0.731161 0.000000 0.000000 0.000000 1.000000
0.617376 0.279404 0.754306 0.000000 0.000000 0.000000 1.000000
0.800250 0.853291 0.365302 0.000000 0.000000 0.000000 1.000000
0.532171 0.371540 0.734747 0.000000 0.000000 0.000000 1.000000
0.700971 0.946973 0.243607 0.000000 0.000000 0.000000 1.000000
0.605633 0.337659 0.661257 0.000000 0.000000 0.000000 1.000000
0.923518 0.879950 0.496169 0.000000 0.000000 0.000000 1.000000
0.755385 0.845026 0.628097 0.000000 0.000000 0.000000 1.000000
0.447257 0.940189 0.903484 0.000000 0.000000 0.000000 1.000000
0.104331 0.789531 0.857261 0.000000 0.000000 0.000000 1.000000
0.803113 0.671522 0.528173 0.000000 0.000000 0.000000 1.000000
0.758483 0.637244 0.778997 0.000000 0.000000 0.000000 1.000000
0.258847 0.420432 0.378463 0.000000 0.000000 0.000000 1.000000
0.804349 0.321840 0.809092 0.000000 0.000000 0.000000 1.000000
0.875484 0.026743 0.329433 0.000000 0.000000 0.000000 1.000000
0.715839 0.639543 0.495145 0.000000 0.000000 0.000000 1.000000
0.637456 0.628933 0.017551 0.000000 0.000000 0.000000 1.000000
0.760475 0.215074 0.074497 0.000000 0.000000 0.000000 1.000000
0.726201 0.758508 0.713556 0.000000 0.000000 0.000000 1.000000
0.202071 0.637927 0.714998 0.000000 0.000000 0.000000 1.000000
0.598465 0.131928 0.066023 0.000000 0.000000 0.000000 1.000000
0.766880 0.906523 0.541837 0.000000 0.000000 0.000000 1.000000
0.539254 0.986487 0.304938 0.000000 0.000000 0.000000 1.000000
0.314224 0.819421 0.731939 0.000000 0.000000 0.000000 1.000000
0.815912 0.276394 0.245683 0.000000 0.000000 0.000000 1.000000
0.384665 0.575419 0.621899 0.000000 0.000000 0.000000 1.000000
0.605401 0.798262 0.815303 0.000000 0.000000 0.000000 1.000000
0.135539 0.541989 0.786569 0.000000 0.000000 0.000000 1.000000
0.665049 0.530678 0.026445 0.000000 0.000000 0.000000 1.000000
0.418458 0.177509 0.516892 0.000000 0.000000 0.000000 1.000000
0.137276 0.637640 0.468093 0.000000 0.000000 0.000000 1.000000
0.850829 0.005598 0.790085 0.000000 0.000000 0.000000 1.000000
0.032493 0.714627 0.554783 0.000000 0.000000 0.000000 1.000000
0.679816 0.056129 0.758508 0.000000 0.000000 0.000000 1.000000
0.434291 0.109905 0.560139 0.000000 0.000000 0.000000 1.000000
0.314015 0.637458 0.464746 0.000000 0.000000 0.000000 1.000000
0.806085 0.048148 0.965988 0.000000 0.000000 0.000000 1.000000
0.046259 0.151781 0.560657 0.000000 0.000000 0.000000 1.000000
0.123363 0.668534 0.493785 0.000000 0.000000 0.000000 1.000000
0.724068 0.299325 0.277103 0.000000 0.000000 0.000000 1.000000
0.658616 0.444080 0.473294 0.000000 0.000000 0.000000 1.000000
0.814800 0.815546 0.447835 0.000000 0.000000 0.000000 1.000000
0.015046 0.718373 0.917896 0.000000 0.000000 0.000000 1.000000
0.259824 0.765673 0.228291 0.000000 0.000000 0.000000 1.000000
0.906982 0.065992 0.277053 0.000000 0.000000 0.000000 1.000000
0.853688 0.403762 0.075378 0.000000 0.000000 0.000000 1.000000
0.998815 0.172808 0.647629 0.000000 0.000000 0.000000 1.000000
0.200349 0.937803 0.407913 0.000000 0.000000 0.000000 1.000000
0.247727 0.630862 0.572174 0.000000 0.000000 0.000000 1.000000
0.335944 0.612477 0.001818 0.000000 0.000000 0.000000 1.000000
0.264595 0.127870 0.729650 0.000000 0.000000 0.000000 1.000000
0.211859 0.852226 0.882598 0.000000 0.000000 0.000000 1.000000
0.632947 0.423199 0.042169 0.000000 0.000000 0.000000 1.000000
0.029752 0.622739 0.225843 0.000000 0.000000 0.000000 1.000000
0.611980 0.684703 0.234168 0.000000 0.000000 0.000000 1.000000
0.022803 0.217495 0.367317 0.000000 0.000000 0.000000 1.000000
0.841473 0.741152 0.814912 0.000000 0.000000 0.000000 1.000000
0.349060 0.824774 0.226266 0.000000 0.000000 0.000000 1.000000
0.653450 0.542672 0.555039 0.000000 0.000000 0.000000 1.000000
0.450497 0.398893 0.152936 0.000000 0.000000 0.000000 1.000000
0.734842 0.967323 0.367469 0.000000 0.000000 0.000000 1.000000
0.608715 0.854279 0.028505 0.000000 0.000000 0.000000 1.000000
0.636052 0.485469 0.419099 0.000000 0.000000 0.000000 1.000000
0.936158 0.833370 0.776269 0.000000 0.000000 0.000000 1.000000
0.759305 0.234990 0.328254 0.000000 0.000000 0.000000 1.000000
0.657401 0.785850 0.340405 0.000000 0.000000 0.000000 1.000000
0.345141 0.611169 0.867527 0.000000 0.000000 0.000000 1.000000
0.133942 0.827224 0.330339 0.000000 0.000000 0.000000 1.000000
0.859520 0.890499 0.556642 0.000000 0.000000 0.000000 1.000000
0.838832 0.269380 0.006630 0.000000 0.000000 0.000000 1.000000
0.940955 0.790191 0.928459 0.000000 0.000000 0.000000 1.000000
0.571670 0.343439 0.675309 0.000000 0.000000 0.000000 1.000000
0.080018 0.677600 0.225865 0.000000 0.000000 0.000000 1.000000
0.777705 0.881200 0.296806 0.000000 0.000000 0.000000 1.000000
0.170035 0.707422 0.085716 0.000000 0.000000 0.000000 1.000000
0.279207 0.514901 0.484837 0.000000 0.000000 0.000000 1.000000
0.314048 0.671718 0.362647 0.000000 0.000000 0.000000 1.000000
0.691556 0.902591 0.635270 0.000000 0.000000 0.000000 1.000000
0.239936 0.099751 0.205520 0.000000 0.000000 0.000000 1.000000
0.487704 0.312542 0.987879 0.000000 0.000000 0.000000 1.000000
0.085960 0.438308 0.978716 0.000000 0.000000 0.000000 1.000000
0.905540 0.277662 0.525038 0.000000 0.000000 0.000000 1.000000
0.189120 0.171932 0.306910 0.000000 0.000000 0.000000 1.000000
0.576964 0.398990 0.504455 0.000000 0.000000 0.000000 1.000000
0.643287 0.111775 0.608651 0.000000 0.000000 0.000000 1.000000
0.698122 0.454691 0.013157 0.000000 0.000000 0.000000 1.000000
0.651546 0.306342 0.290192 0.000000 0.000000 0.000000 1.000000
0.170718 0.575792 0.054960 0.000000 0.000000 0.000000 1.000000
0.677744 0.655943 0.075194 0.000000 0.000000 0.000000 1.000000
0.873248 0.255088 0.091081 0.000000 0.000000 0.000000 1.000000
0.163746 0.333668 0.785437 0.000000 0.000000 0.000000 1.000000
0.567625 0.142577 0.341864 0.000000 0.000000 0.000000 1.000000
0.663608 0.543513 0.401049 0.000000 0.000000 0.000000 1.000000
0.025749 0.307482 0.005097 0.000000 0.000000 0.000000 1.000000
0.657623 0.367131 0.453807 0.000000 0.000000 0.000000 1.000000
0.938614 0.930349 0.840284 0.000000 0.000000 0.000000 1.000000
0.597582 0.527267 0.695515 0.000000 0.000000 0.000000 1.000000
0.881274 0.269308 0.885333 0.000000 0.000000 0.000000 1.000000
0.411812 0.867736 0.977317 0.000000 0.000000 0.000000 1.000000
0.965247 0.060028 0.581117 0.000000 0.000000 0.000000 1.000000
0.125412 0.901787 0.408343 0.000000 0.000000 0.000000 1.000000
0.528738 0.948169 0.959527 0.000000 0.000000 0.000000 1.000000
0.870491 0.615743 0.062235 0.000000 0.000000 0.000000 1.000000
0.406851 0.137951 0.667005 0.000000 0.000000 0.000000 1.000000
0.442662 0.302335 0.542745 0.000000 0.000000 0.000000 1.000000
0.362016 0.109931 0.621894 0.000000 0.000000 0.000000 1.000000
0.616074 0.334119 0.829336 0.000000 0.000000 0.000000 1.000000
0.900311 0.255958 0.765096 0.000000 0.000000 0.000000 1.000000
0.465504 0.019738 0.439535 0.000000 0.000000 0.000000 1.000000
0.809408 0.341100 0.010579 0.000000 0.000000 0.000000 1.000000
0.757986 0.446903 0.667184 0.000000 0.000000 0.000000 1.000000
0.475296 0.574415 0.939029 0.000000 0.000000 0.000000 1.000000
0.872426 0.298356 0.217997 0.000000 0.000000 0.000000 1.000000
0.516907 0.516133 0.866006 0.000000 0.000000 0.000000 1.000000
0.994284 0.630961 0.731297 0.000000 0.000000 0.000000 1.000000
0.811564 0.748215 0.555559 0.000000 0.000000 0.000000 1.000000
0.224664 0.702794 0.774872 0.000000 0.000000 0.000000 1.000000
0.410519 0.186126 0.300572 0.000000 0.000000 0.000000 1.000000
0.907430 0.193483 0.915134 0.000000 0.000000 0.000000 1.000000
0.636831 0.591060 0.659765 0.000000 0.000000 0.000000 1.000000
0.739013 0.241896 0.899445 0.000000 0.000000 0.000000 1.000000
0.822810 0.500583 0.231740 0.000000 0.000000 0.000000 1.000000
0.013291 0.853392 0.343027 0.000000 0.000000 0.000000 1.000000
0.024723 0.843001 0.716937 0.000000 0.000000 0.000000 1.000000
0.869015 0.847044 0.301171 0.000000 0.000000 0.000000 1.000000
0.126625 0.183585 0.853184 0.000000 0.000000 0.000000 1.000000
0.265469 0.323455 0.905523 0.000000 0.000000 0.000000 1.000000
0.523991 0.556014 0.644649 0.000000 0.000000 0.000000 1.000000
0.404992 0.264648 0.650470 0.000000 0.000000 0.000000 1.000000
0.742110 0.753578 0.658943 0.000000 0.000000 0.000000 1.000000
0.516026 0.572761 0.427282 0.000000 0.000000 0.000000 1.000000
0.737079 0.688070 0.003440 0.000000 0.000000 0.000000 1.000000
0.505869 0.871523 0.504641 0.000000 0.000000 0.000000 1.000000
0.650941 0.802245 0.007782 0.000000 0.000000 0.000000 1.000000
0.872318 0.036417 0.224827 0.000000 0.000000 0.000000 1.000000
0.503252 0.580714 0.850767 0.000000 0.000000 0.000000 1.000000
0.015133 0.740934 0.714277 0.000000 0.000000 0.000000 1.000000
0.584378 0.911195 0.085045 0.000000 0.000000 0.000000 1.000000
0.518152 0.536542 0.105873 0.000000 0.000000 0.000000 1.000000
0.579973 0.749715 0.007929 0.000000 0.000000 0.000000 1.000000
0.496141 0.047316 0.876230 0.000000 0.000000 0.000000 1.000000
0.980673 0.000618 0.313943 0.000000 0.000000 0.000000 1.000000
0.206939 0.122897 0.534241 0.000000 0.000000 0.000000 1.000000
0.498292 0.919049 0.015581 0.000000 0.000000 0.000000 1.000000
0.158418 0.774840 0.592773 0.000000 0.000000 0.000000 1.000000
0.718202 0.727182 0.444195 0.000000 0.000000 0.000000 1.000000
0.586344 0.246413 0.716305 0.000000 0.000000 0.000000 1.000000
0.548925 0.046268 0.673218 0.000000 0.000000 0.000000 1.000000
0.083260 0.454156 0.566073 0.000000 0.000000 0.000000 1.000000
0.227803 0.762460 0.995541 0.000000 0.000000 0.000000 1.000000
0.996922 0.965451 0.822271 0.000000 0.000000 0.000000 1.000000
0.822844 0.602610 0.135667 0.000000 0.000000 0.000000 1.000000
0.113334 0.580480 0.008897 0.000000 0.000000 0.000000 1.000000
0.355588 0.590712 0.005326 0.000000 0.000000 0.000000 1.000000
0.782780 0.010113 0.111007 0.000000 0.000000 0.000000 1.000000
0.084489 0.233620 0.075340 0.000000 0.000000 0.000000 1.000000
0.536253 0.406981 0.202312 0.000000 0.000000 0.000000 1.000000
0.208782 0.766511 0.373829 0.000000 0.000000 0.000000 1.000000
0.090734 0.399963 0.594280 0.000000 0.000000 0.000000 1.000000
0.619706 0.167383 0.716193 0.000000 0.000000 0.000000 1.000000
0.274454 0.581696 0.432106 0.000000 0.000000 0.000000 1.000000
0.035736 0.488451 0.028781 0.000000 0.000000 0.000000 1.000000
0.237632 0.166038 0.341433 0.000000 0.000000 0.000000 1.000000
0.898992 0.912697 0.761791 0.000000 0.000000 0.000000 1.000000
0.295645 0.648551 0.166729 0.000000 0.000000 0.000000 1.000000
0.203841 0.123844 0.239650 0.000000 0.000000 0.000000 1.000000
0.012729 0.191673 0.524956 0.000000 0.000000 0.000000 1.000000
0.211351 0.358046 0.723222 0.000000 0.000000 0.000000 1.000000
0.901269 0.695074 0.215263 0.000000 0.000000 0.000000 1.000000
0.581806 0.198740 0.961008 0.000000 0.000000 0.000000 1.000000
0.950694 0.052167 0.481673 0.000000 0.000000 0.000000 1.000000
0.486920 0.228059 0.381327 0.000000 0.000000 0.000000 1.000000
0.724406 0.966866 0.478848 0.000000 0.000000 0.000000 1.000000
0.705441 0.671891 0.483134 0.000000 0.000000 0.000000 1.000000
0.033281 0.906120 0.310342 0.000000 0.000000 0.000000 1.000000
0.798377 0.454607 0.229916 0.000000 0.000000 0.000000 1.000000
0.238363 0.808348 0.706408 0.000000 0.000000 0.000000 1.000000
0.179594 0.125596 0.262846 0.000000 0.000000 0.000000 1.000000
0.268936 0.973887 0.720173 0.000000 0.000000 0.000000 1.000000
0.010745 0.296825 0.137773 0.000000 0.000000 0.000000 1.000000
0.425083 0.940730 0.454008 0.000000 0.000000 0.000000 1.000000
0.285053 0.077155 0.175569 0.000000 0.000000 0.000000 1.000000
0.023004 0.005253 0.522107 0.000000 0.000000 0.000000 1.000000
0.698913 0.394363 0.861271 0.000000 0.000000 0.000000 1.000000
0.187617 0.259813 0.315540 0.000000 0.000000 0.000000 1.000000
0.952644 0.050213 0.437140 0.000000 0.000000 0.000000 1.000000
0.506623 0.285346 0.405562 0.000000 0.000000 0.000000 1.000000
0.148981 0.200037 0.257685 0.000000 0.000000 0.000000 1.000000
0.463233 0.255000 0.305668 0.000000 0.000000 0.000000 1.000000
0.505480 0.804364 0.625188 0.000000 0.000000 0.000000 1.000000
0.626008 0.778287 0.867302 0.000000 0.000000 0.000000 1.000000
0.263144 0.145150 0.304832 0.000000 0.000000 0.000000 1.000000
0.060434 0.301663 0.500561 0.000000 0.000000 0.000000 1.000000
0.335951 0.841139 0.906903 0.000000 0.000000 0.000000 1.000000
0.859235 0.971884 0.049403 0.000000 0.000000 0.000000 1.000000
0.513289 0.374459 0.169887 0.000000 0.000000 0.000000 1.000000
0.154365 0.612975 0.918935 0.000000 0.000000 0.000000 1.000000
0.965889 0.242520 0.220268 0.000000 0.000000 0.000000 1.000000
0.744679 0.612681 0.315694 0.000000 0.000000 0.000000 1.000000
0.262325 0.890339 0.415897 0.000000 0.000000 0.000000 1.000000
0.057301 0.451159 0.319941 0.000000 0.000000 0.000000 1.000000
0.487643 0.434225 0.687018 0.000000 0.000000 0.000000 1.000000
0.774462 0.425136 0.782013 0.000000 0.000000 0.000000 1.000000
0.066364 0.785462 0.352594 0.000000 0.000000 0.000000 1.000000
0.803418 0.269630 0.478347 0.000000 0.000000 0.000000 1.000000
0.165464 0.686016 0.308336 0.000000 0.000000 0.000000 1.000000
0.411037 0.974661 0.063322 0.000000 0.000000 0.000000 1.000000
0.734139 0.313863 0.688888 0.000000 0.000000 0.000000 1.000000
0.196806 0.948549 0.358676 0.000000 0.000000 0.000000 1.000000
0.429711 0.084425 0.795937 0.000000 0.000000 0.000000 1.000000
0.889805 0.364170 0.400873 0.000000 0.000000 0.000000 1.000000
0.882464 0.724816 0.976643 0.000000 0.000000 0.000000 1.000000
0.306474 0.703244 0.842550 0.000000 0.000000 0.000000 1.000000
0.684635 0.839778 0.374450 0.000000 0.000000 0.000000 1.000000
0.426836 0.460454 0.382401 0.000000 0.000000 0.000000 1.000000
0.215814 0.481272 0.399017 0.000000 0.000000 0.000000 1.000000
0.028198 0.340283 0.939220 0.000000 0.000000 0.000000 1.000000
0.387766 0.394109 0.410860 0.000000 0.000000 0.000000 1.000000
0.921645 0.954312 0.777217 0.000000 0.000000 0.000000 1.000000
0.684733 0.236287 0.090077 0.000000 0.000000 0.000000 1.000000
0.378631 0.520134 0.828499 0.000000 0.000000 0.000000 1.000000
0.351369 0.818228 0.162835 0.000000 0.000000 0.000000 1.000000
0.243140 0.275436 0.339003 0.000000 0.000000 0.000000 1.000000
0.081390 0.410942 0.893109 0.000000 0.000000 0.000000 1.000000
0.070550 0.228271 0.262424 0.000000 0.000000 0.000000 1.000000
0.795145 0.903603 0.054970 0.000000 0.000000 0.000000 1.000000
0.044379 0.353650 0.087083 0.000000 0.000000 0.000000 1.000000
0.869446 0.907200 0.366356 0.000000 0.000000 0.000000 1.000000
0.185418 0.350452 0.612535 0.000000 0.000000 0.000000 1.000000
0.759721 0.933498 0.527307 0.000000 0.000000 0.000000 1.000000
0.953834 0.125841 0.986717 0.000000 0.000000 0.000000 1.000000
0.092056 0.646243 0.627040 0.000000 0.000000 0.000000 1.000000
0.175048 0.013394 0.591924 0.000000 0.000000 0.000000 1.000000
0.187298 0.103310 0.091679 0.000000 0.000000 0.000000 1.000000
0.470529 0.901360 0.546508 0.000000 0.000000 0.000000 1.000000
0.399635 0.448118 0.900364 0.000000 0.000000 0.000000 1.000000
0.317696 0.871219 0.115646 0.000000 0.000000 0.000000 1.000000
0.584749 0.688431 0.321973 0.000000 0.000000 0.000000 1.000000
0.568831 0.194934 0.395738 0.000000 0.000000 0.000000 1.000000
0.253117 0.415837 0.398448 0.000000 0.000000 0.000000 1.000000
0.304799 0.460980 0.393080 0.000000 0.000000 0.000000 1.000000
0.337203 0.645059 0.015966 0.000000 0.000000 0.000000 1.000000
0.995497 0.387178 0.091705 0.000000 0.000000 0.000000 1.000000
0.712705 0.724154 0.216398 0.000000 0.000000 0.000000 1.000000
0.300239 0.029596 0.779833 0.000000 0.000000 0.000000 1.000000
0.961595 0.866844 0.081912 0.000000 0.000000 0.000000 1.000000
0.141021 0.086570 0.472028 0.000000 0.000000 0.000000 1.000000
0.923298 0.101172 0.459974 0.000000 0.000000 0.000000 1.000000
0.959134 0.015626 0.288893 0.000000 0.000000 0.000000 1.000000
0.462431 0.367140 0.984423 0.000000 0.000000 0.000000 1.000000
0.584931 0.931452 0.445510 0.000000 0.000000 0.000000 1.000000
0.367153 0.173540 0.406890 0.000000 0.000000 0.000000 1.000000
0.464083 0.464198 0.492845 0.000000 0.000000 0.000000 1.000000
0.278698 0.709344 0.675831 0.000000 0.000000 0.000000 1.000000
0.351475 0.247326 0.804042 0.000000 0.000000 0.000000 1.000000
0.265257 0.976172 0.546992 0.000000 0.000000 0.000000 1.000000
0.862442 0.073619 0.367186 0.000000 0.000000 0.000000 1.000000
0.329703 0.149354 0.672520 0.000000 0.000000 0.000000 1.000000
0.177775 0.953874 0.273427 0.000000 0.000000 0.000000 1.000000
0.068711 0.386707 0.650466 0.000000 0.000000 0.000000 1.000000
0.311319 0.143384 0.562164 0.000000 0.000000 0.000000 1.000000
0.817576 0.864121 0.190699 0.000000 0.000000 0.000000 1.000000
0.776392 0.199674 0.782415 0.000000 0.000000 0.000000 1.000000
0.950019 0.367252 0.881859 0.000000 0.000000 0.000000 1.000000
0.857968 0.841900 0.108290 0.000000 0.000000 0.000000 1.000000
0.898907 0.247493 0.968438 0.000000 0.000000 0.000000 1.000000
0.534036 0.754093 0.040006 0.000000 0.000000 0.000000 1.000000
0.617451 0.073751 0.764214 0.000000 0.000000 0.000000 1.000000
0.834752 0.935988 0.839043 0.000000 0.000000 0.000000 1.000000
0.111102 0.852124 0.019077 0.000000 0.000000 0.000000 1.000000
0.497066 0.555725 0.221348 0.000000 0.000000 0.000000 1.000000
0.978239 0.158066 0.360634 0.000000 0.000000 0.000000 1.000000
0.935659 0.184345 0.098614 0.000000 0.000000 0.000000 1.000000
0.633538 0.348778 0.343989 0.000000 0.000000 0.000000 1.000000
0.503722 0.650958 0.477695 0.000000 0.000000 0.000000 1.000000
0.542797 0.446401 0.739855 0.000000 0.000000 0.000000 1.000000
0.893937 0.204961 0.585920 0.000000 0.000000 0.000000 1.000000
0.367078 0.488584 0.633687 0.000000 0.000000 0.000000 1.000000
0.613503 0.833425 0.120465 0.000000 0.000000 0.000000 1.000000
0.121027 0.123611 0.147307 0.000000 0.000000 0.000000 1.000000
0.214040 0.726512 0.498845 0.000000 0.000000 0.000000 1.000000
0.383971 0.889322 0.298610 0.000000 0.000000 0.000000 1.000000
0.547054 0.258720 0.118019 0.000000 0.000000 0.000000 1.000000
0.103244 0.016417 0.171906 0.000000 0.000000 0.000000 1.000000
0.172838 0.381368 0.814494 0.000000 0.000000 0.000000 1.000000
0.270203 0.511785 0.329686 0.000000 0.000000 0.000000 1.000000
0.031003 0.945317 0.884858 0.000000 0.000000 0.000000 1.000000
0.396236 0.408478 0.758276 0.000000 0.000000 0.000000 1.000000
0.404257 0.260426 0.825425 0.000000 0.000000 0.000000 1.000000
0.066962 0.798327 0.059848 0.000000 0.000000 0.000000 1.000000
0.540468 0.565928 0.394528 0.000000 0.000000 0.000000 1.000000
0.262540 0.771894 0.431363 0.000000 0.000000 0.000000 1.000000
0.459030 0.822466 0.076377 0.000000 0.000000 0.000000 1.000000
0.583045 0.458597 0.333512 0.000000 0.000000 0.000000 1.000000
0.898739 0.233196 0.386471 0.000000 0.000000 0.000000 1.000000
0.139624 0.160643 0.531063 0.000000 0.000000 0.000000 1.000000
0.273662 0.164663 0.736875 0.000000 0.000000 0.000000 1.000000
0.242547 0.092498 0.616101 0.000000 0.000000 0.000000 1.000000
0.442947 0.952088 0.188758 0.000000 0.000000 0.000000 1.000000
0.716820 0.780695 0.625150 0.000000 0.000000 0.000000 1.000000
0.337852 0.661111 0.691292 0.000000 0.000000 0.000000 1.000000
0.609281 0.744629 0.581840 0.000000 0.000000 0.000000 1.000000
0.797270 0.168413 0.463112 0.000000 0.000000 0.000000 1.000000
0.443378 0.296527 0.190941 0.000000 0.000000 0.000000 1.000000
0.600479 0.187473 0.036307 0.000000 0.000000 0.000000 1.000000
0.709152 0.956416 0.444979 0.000000 0.000000 0.000000 1.000000
0.741813 0.069249 0.751718 0.000000 0.000000 0.000000 1.000000
0.921265 0.341120 0.745079 0.000000 0.000000 0.000000 1.000000
0.235898 0.763997 0.717478 0.000000 0.000000 0.000000 1.000000
0.260015 0.379204 0.804096 0.000000 0.000000 0.000000 1.000000
0.320295 0.313430 0.440178 0.000000 0.000000 0.000000 1.000000
0.500807 0.112656 0.827639 0.000000 0.000000 0.000000 1.000000
0.559014 0.841974 0.518035 0.000000 0.000000 0.000000 1.000000
0.334262 0.454303 0.107185 0.000000 0.000000 0.000000 1.000000
0.681042 0.560657 0.543807 0.000000 0.000000 0.000000 1.000000
0.540973 0.485752 0.259604 0.000000 0.000000 0.000000 1.000000
0.227126 0.923536 0.274391 0.000000 0.000000 0.000000 1.000000
0.232895 0.178818 0.743344 0.000000 0.000000 0.000000 1.000000
0.499221 0.361430 0.303676 0.000000 0.000000 0.000000 1.000000
0.146118 0.874672 0.266217 0.000000 0.000000 0.000000 1.000000
0.642289 0.538807 0.116648 0.000000 0.000000 0.000000 1.000000
0.871417 0.440271 0.292125 0.000000 0.000000 0.000000 1.000000
0.629832 0.536097 0.400204 0.000000 0.000000 0.000000 1.000000
0.345169 0.314759 0.097241 0.000000 0.000000 0.000000 1.000000
0.232933 0.956041 0.236185 0.000000 0.000000 0.000000 1.000000
0.815359 0.799510 0.196955 0.000000 0.000000 0.000000 1.000000
0.257264 0.684146 0.043407 0.000000 0.000000 0.000000 1.000000
0.395618 0.204117 0.047148 0.000000 0.000000 0.000000 1.000000
0.265021 0.878762 0.107963 0.000000 0.000000 0.000000 1.000000
0.000785 0.594915 0.634963 0.000000 0.000000 0.000000 1.000000
0.022609 0.043179 0.212227 0.000000 0.000000 0.000000 1.000000
0.884749 0.185998 0.730452 0.000000 0.000000 0.000000 1.000000
0.732716 0.344153 0.150987 0.000000 0.000000 0.000000 1.000000
0.283113 0.016050 0.969022 0.000000 0.000000 0.000000 1.000000
0.192233 0.739115 0.791449 0.000000 0.000000 0.000000 1.000000
0.829493 0.586303 0.868756 0.000000 0.000000 0.000000 1.000000
0.593272 0.857707 0.771300 0.000000 0.000000 0.000000 1.000000
0.509879 0.395277 0.121858 0.000000 0.000000 0.000000 1.000000
0.342035 0.324774 0.780810 0.000000 0.000000 0.000000 1.000000
0.344504 0.263754 0.588072 0.000000 0.000000 0.000000 1.000000
0.807782 0.841773 0.805190 0.000000 0.000000 0.000000 1.000000
0.657998 0.435285 0.544715 0.000000 0.000000 0.000000 1.000000
0.788529 0.572140 0.266583 0.000000 0.000000 0.000000 1.000000
0.252709 0.682483 0.691391 0.000000 0.000000 0.000000 1.000000
0.749012 0.784785 0.086089 0.000000 0.000000 0.000000 1.000000
0.106700 0.991235 0.337837 0.000000 0.000000 0.000000 1.000000
0.300605 0.930606 0.139354 0.000000 0.000000 0.000000 1.000000
0.545472 0.999646 0.657533 0.000000 0.000000 0.000000 1.000000
0.346364 0.647741 0.986948 0.000000 0.000000 0.000000 1.000000
0.957547 0.159420 0.916125 0.000000 0.000000 0.000000 1.000000
0.634669 0.854940 0.881885 0.000000 0.000000 0.000000 1.000000
0.815997 0.263582 0.755409 0.000000 0.000000 0.000000 1.000000
0.380906 0.017270 0.693999 0.000000 0.000000 0.000000 1.000000
0.219973 0.257857 0.694353 0.000000 0.000000 0.000000 1.000000
0.464947 0.391257 0.779930 0.000000 0.000000 0.000000 1.000000
0.885774 0.136843 0.840672 0.000000 0.000000 0.000000 1.000000
0.270079 0.741122 0.793207 0.000000 0.000000 0.000000 1.000000
0.093852 0.321399 0.108186 0.000000 0.000000 0.000000 1.000000
0.823791 0.647890 0.565654 0.000000 0.000000 0.000000 1.000000
0.330645 0.691075 0.531338 0.000000 0.000000 0.000000 1.000000
0.592047 0.466788 0.105953 0.000000 0.000000 0.000000 1.000000
0.532444 0.300323 0.224664 0.000000 0.000000 0.000000 1.000000
0.680568 0.585540 0.570731 0.000000 0.000000 0.000000 1.000000
0.289173 0.785475 0.390023 0.000000 0.000000 0.000000 1.000000
0.501142 0.704220 0.679904 0.000000 0.000000 0.000000 1.000000
0.284215 0.884886 0.179997 0.000000 0.000000 0.000000 1.000000
0.920054 0.308311 0.484836 0.000000 0.000000 0.000000 1.000000
0.618484 0.321170 0.383188 0.000000 0.000000 0.000000 1.000000
0.297469 0.471977 0.269658 0.000000 0.000000 0.000000 1.000000
0.547740 0.961723 0.165109 0.000000 0.000000 0.000000 1.000000
0.787160 0.023348 0.172695 0.000000 0.000000 0.000000 1.000000
0.923287 0.487852 0.576915 0.000000 0.000000 0.000000 1.000000
0.937555 0.036488 0.280876 0.000000 0.000000 0.000000 1.000000
0.480728 0.231705 0.457344 0.000000 0.000000 0.000000 1.000000
0.235615 0.488312 0.543139 0.000000 0.000000 0.000000 1.000000
0.302009 0.649537 0.460748 0.000000 0.000000 0.000000 1.000000
0.653621 0.654434 0.947455 0.000000 0.000000 0.000000 1.000000
0.705459 0.499604 0.618554 0.000000 0.000000 0.000000 1.000000
0.380286 0.765055 0.760227 0.000000 0.000000 0.000000 1.000000
0.917574 0.349398 0.926817 0.000000 0.000000 0.000000 1.000000
0.513422 0.020768 0.950947 0.000000 0.000000 0.000000 1.000000
0.236325 0.945934 0.572028 0.000000 0.000000 0.000000 1.000000
0.584457 0.919280 0.325325 0.000000 0.000000 0.000000 1.000000
0.208715 0.884497 0.486610 0.000000 0.000000 0.000000 1.000000
0.738702 0.991621 0.396280 0.000000 0.000000 0.000000 1.000000
0.087617 0.991363 0.792668 0.000000 0.000000 0.000000 1.000000
0.651449 0.186185 0.283853 0.000000 0.000000 0.000000 1.000000
0.716919 0.225356 0.863559 0.000000 0.000000 0.000000 1.000000
0.227436 0.127522 0.387404 0.000000 0.000000 0.000000 1.000000
0.821795 0.058992 0.913102 0.000000 0.000000 0.000000 1.000000
0.045715 0.533946 0.948648 0.000000 0.000000 0.000000 1.000000
0.877815 0.019402 0.625822 0.000000 0.000000 0.000000 1.000000
0.898345 0.913096 0.179601 0.000000 0.000000 0.000000 1.000000
0.882585 0.975797 0.085692 0.000000 0.000000 0.000000 1.000000
0.509479 0.983539 0.560355 0.000000 0.000000 0.000000 1.000000
0.835440 0.537816 0.042161 0.000000 0.000000 0.000000 1.000000
0.821726 0.642960 0.247204 0.000000 0.000000 0.000000 1.000000
0.722615 0.145845 0.840873 0.000000 0.000000 0.000000 1.000000
0.658130 0.069053 0.993319 0.000000 0.000000 0.000000 1.000000
0.178191 0.719484 0.372159 0.000000 0.000000 0.000000 1.000000
0.915308 0.415750 0.801221 0.000000 0.000000 0.000000 1.000000
0.908219 0.647015 0.169103 0.000000 0.000000 0.000000 1.000000
0.225600 0.763355 0.430471 0.000000 0.000000 0.000000 1.000000
0.537005 0.707992 0.048621 0.000000 0.000000 0.000000 1.000000
0.354008 0.300275 0.254364 0.000000 0.000000 0.000000 1.000000
0.254151 0.746412 0.394012 0.000000 0.000000 0.000000 1.000000
0.293456 0.866995 0.536206 0.000000 0.000000 0.000000 1.000000
0.010164 0.329386 0.201988 0.000000 0.000000 0.000000 1.000000
0.851491 0.705844 0.117497 0.000000 0.000000 0.000000 1.000000
0.964737 0.464624 0.318654 0.000000 0.000000 0.000000 1.000000
0.282887 0.113214 0.508085 0.000000 0.000000 0.000000 1.000000
0.483450 0.367463 0.181579 0.000000 0.000000 0.000000 1.000000
0.579635 0.151299 0.962028 0.000000 0.000000 0.000000 1.000000
0.769522 0.548587 0.634229 0.000000 0.000000 0.000000 1.000000
0.761055 0.975525 0.007508 0.000000 0.000000 0.000000 1.000000
0.968464 0.372719 0.468057 0.000000 0.000000 0.000000 1.000000
0.341219 0.659275 0.853566 0.000000 0.000000 0.000000 1.000000
0.977674 0.124201 0.604194 0.000000 0.000000 0.000000 1.000000
0.907217 0.106619 0.375910 0.000000 0.000000 0.000000 1.000000
0.428185 0.526567 0.544219 0.000000 0.000000 0.000000 1.000000
0.529915 0.285391 0.687988 0.000000 0.000000 0.000000 1.000000
0.489325 0.128955 0.597026 0.000000 0.000000 0.000000 1.000000
0.185054 0.086126 0.645361 0.000000 0.000000 0.000000 1.000000
0.039077 0.303658 0.953123 0.000000 0.000000 0.000000 1.000000
0.514324 0.034283 0.354711 0.000000 0.000000 0.000000 1.000000
0.909455 0.676197 0.954681 0.000000 0.000000 0.000000 1.000000
0.608590 0.094499 0.486327 0.000000 0.000000 0.000000 1.000000
0.552063 0.913426 0.647694 0.000000 0.000000 0.000000 1.000000
0.803972 0.581879 0.055834 0.000000 0.000000 0.000000 1.000000
0.113672 0.377667 0.983021 0.000000 0.000000 0.000000 1.000000
0.304409 0.841858 0.581336 0.000000 0.000000 0.000000 1.000000
0.340837 0.770698 0.235525 0.000000 0.000000 0.000000 1.000000
0.258247 0.351238 0.939440 0.000000 0.000000 0.000000 1.000000
0.234526 0.253370 0.615192 0.000000 0.000000 0.000000 1.000000
0.823569 0.872908 0.024388 0.000000 0.000000 0.000000 1.000000
0.713731 0.322342 0.418870 0.000000 0.000000 0.000000 1.000000
0.930220 0.831089 0.422494 0.000000 0.000000 0.000000 1.000000
0.035018 0.009034 0.850508 0.000000 0.000000 0.000000 1.000000
0.647507 0.505701 0.161994 0.000000 0.000000 0.000000 1.000000
0.140353 0.779720 0.228370 0.000000 0.000000 0.000000 1.000000
0.205820 0.304640 0.729939 0.000000 0.000000 0.000000 1.000000
0.132041 0.413307 0.762246 0.000000 0.000000 0.000000 1.000000
0.767269 0.207053 0.094879 0.000000 0.000000 0.000000 1.000000
0.676609 0.744212 0.935267 0.000000 0.000000 0.000000 1.000000
0.380576 0.558983 0.498553 0.000000 0.000000 0.000000 1.000000
0.803623 0.780496 0.889394 0.000000 0.000000 0.000000 1.000000
0.137245 0.647674 0.034889 0.000000 0.000000 0.000000 1.000000
0.753041 0.460946 0.684903 0.000000 0.000000 0.000000 1.000000
0.281053 0.645418 0.986874 0.000000 0.000000 0.000000 1.000000
0.319355 0.010431 0.896463 0.000000 0.000000 0.000000 1.000000
0.580703 0.723735 0.958394 0.000000 0.000000 0.000000 1.000000
0.428572 0.573400 0.763608 0.000000 0.000000 0.000000 1.000000
0.480331 0.291949 0.554095 0.000000 0.000000 0.000000 1.000000
0.490734 0.945691 0.707460 0.000000 0.000000 0.000000 1.000000
0.460057 0.518356 0.967438 0.000000 0.000000 0.000000 1.000000
0.733241 0.991154 0.274344 0.000000 0.000000 0.000000 1.000000
0.561549 0.318884 0.693383 0.000000 0.000000 0.000000 1.000000
0.586977 0.621961 0.884305 0.000000 0.000000 0.000000 1.000000
0.647744 0.747517 0.830767 0.000000 0.000000 0.000000 1.000000
0.413522 0.001776 0.276950 0.000000 0.000000 0.000000 1.000000
0.516303 0.986600 0.810030 0.000000 0.000000 0.000000 1.000000
0.419585 0.985287 0.156189 0.000000 0.000000 0.000000 1.000000
0.760374 0.373261 0.368386 0.000000 0.000000 0.000000 1.000000
0.043900 0.926214 0.295942 0.000000 0.000000 0.000000 1.000000
0.680382 0.891177 0.910848 0.000000 0.000000 0.000000 1.000000
0.629457 0.352922 0.133158 0.000000 0.000000 0.000000 1.000000
0.520390 0.488136 0.392941 0.000000 0.000000 0.000000 1.000000
0.443577 0.653760 0.800060 0.000000 0.000000 0.000000 1.000000
0.095072 0.996932 0.195318 0.000000 0.000000 0.000000 1.000000
0.315094 0.890667 0.683342 0.000000 0.000000 0.000000 1.000000
0.049310 0.560230 0.711190 0.000000 0.000000 0.000000 1.000000
0.382569 0.537421 0.720627 0.000000 0.000000 0.000000 1.000000
0.384413 0.452101 0.641589 0.000000 0.000000 0.000000 1.000000
0.721176 0.990142 0.602542 0.000000 0.000000 0.000000 1.000000
0.506156 0.144043 0.100310 0.000000 0.000000 0.000000 1.000000
0.280702 0.437819 0.843838 0.000000 0.000000 0.000000 1.000000
0.217007 0.539318 0.580099 0.000000 0.000000 0.000000 1.000000
0.028409 0.380979 0.588925 0.000000 0.000000 0.000000 1.000000
0.690650 0.744206 0.522317 0.000000 0.000000 0.000000 1.000000
0.477801 0.766076 0.618023 0.000000 0.000000 0.000000 1.000000
0.438745 0.810991 0.208096 0.000000 0.000000 0.000000 1.000000
0.700681 0.152416 0.930020 0.000000 0.000000 0.000000 1.000000
0.978228 0.798769 0.996928 0.000000 0.000000 0.000000 1.000000
0.933713 0.417328 0.795851 0.000000 0.000000 0.000000 1.000000
0.997729 0.892307 0.453947 0.000000 0.000000 0.000000 1.000000
0.471706 0.629517 0.759863 0.000000 0.000000 0.000000 1.000000
0.989254 0.688159 0.440934 0.000000 0.000000 0.000000 1.000000
0.901696 0.552988 0.444167 0.000000 0.000000 0.000000 1.000000
0.084120 0.522950 0.240963 0.000000 0.000000 0.000000 1.000000
0.419140 0.274081 0.765385 0.000000 0.000000 0.000000 1.000000
0.468322 0.765270 0.327534 0.000000 0.000000 0.000000 1.000000
0.524935 0.613877 0.815835 0.000000 0.000000 0.000000 1.000000
0.535016 0.325893 0.583879 0.000000 0.000000 0.000000 1.000000
0.269897 0.419606 0.556919 0.000000 0.000000 0.000000 1.000000
0.333818 0.334709 0.111786 0.000000 0.000000 0.000000 1.000000
0.975277 0.922785 0.418906 0.000000 0.000000 0.000000 1.000000
0.680671 0.771059 0.796383 0.000000 0.000000 0.000000 1.000000
0.035663 0.600507 0.837530 0.000000 0.000000 0.000000 1.000000
0.909318 0.398030 0.272280 0.000000 0.000000 0.000000 1.000000
0.435168 0.439081 0.013291 0.000000 0.000000 0.000000 1.000000
0.416663 0.545968 0.462367 0.000000 0.000000 0.000000 1.000000
0.994186 0.467082 0.207394 0.000000 0.000000 0.000000 1.000000
0.489947 0.717158 0.282913 0.000000 0.000000 0.000000 1.000000
0.557153 0.753046 0.933707 0.000000 0.000000 0.000000 1.000000
0.358613 0.664256 0.678870 0.000000 0.000000 0.000000 1.000000
0.298677 0.126991 0.747723 0.000000 0.000000 0.000000 1.000000
0.909468 0.871416 0.743935 0.000000 0.000000 0.000000 1.000000
0.747561 0.710748 0.749059 0.000000 0.000000 0.000000 1.000000
0.817019 0.794350 0.712106 0.000000 0.000000 0.000000 1.000000
0.878150 0.783725 0.893406 0.000000 0.000000 0.000000 1.000000
0.836006 0.883720 0.435206 0.000000 0.000000 0.000000 1.000000
0.066033 0.992034 0.993770 0.000000 0.000000 0.000000 1.000000
0.680703 0.134179 0.246176 0.000000 0.000000 0.000000 1.000000
0.513306 0.964898 0.840507 0.000000 0.000000 0.000000 1.000000
0.542070 0.011407 0.578884 0.000000 0.000000 0.000000 1.000000
0.899208 0.785973 0.123602 0.000000 0.000000 0.000000 1.000000
0.475863 0.013242 0.577004 0.000000 0.000000 0.000000 1.000000
0.746413 0.841203 0.245432 0.000000 0.000000 0.000000 1.000000
0.125114 0.590329 0.023985 0.000000 0.000000 0.000000 1.000000
0.632714 0.579808 0.654257 0.000000 0.000000 0.000000 1.000000
0.862838 0.687370 0.338789 0.000000 0.000000 0.000000 1.000000
0.399722 0.682553 0.611411 0.000000 0.000000 0.000000 1.000000
0.271092 0.210005 0.837436 0.000000 0.000000 0.000000 1.000000
0.744602 0.034667 0.279568 0.000000 0.000000 0.000000 1.000000
0.306421 0.596095 0.780629 0.000000 0.000000 0.000000 1.000000
0.266002 0.865883 0.481025 0.000000 0.000000 0.000000 1.000000
0.492982 0.193958 0.911711 0.000000 0.000000 0.000000 1.000000
0.448852 0.995841 0.414432 0.000000 0.000000 0.000000 1.000000
0.023544 0.097139 0.371463 0.000000 0.000000 0.000000 1.000000
0.665292 0.590448 0.011276 0.000000 0.000000 0.000000 1.000000
0.475145 0.561588 0.445217 0.000000 0.000000 0.000000 1.000000
0.798108 0.946453 0.502748 0.000000 0.000000 0.000000 1.000000
0.637353 0.525079 0.870775 0.000000 0.000000 0.000000 1.000000
0.884266 0.615988 0.423600 0.000000 0.000000 0.000000 1.000000
0.380575 0.733872 0.150740 0.000000 0.000000 0.000000 1.000000
0.769826 0.395215 0.063793 0.000000 0.000000 0.000000 1.000000
0.860872 0.904662 0.807591 0.000000 0.000000 0.000000 1.000000
0.502745 0.397676 0.876844 0.000000 0.000000 0.000000 1.000000
0.344808 0.805088 0.632869 0.000000 0.000000 0.000000 1.000000
0.588761 0.359039 0.796646 0.000000 0.000000 0.000000 1.000000
0.154665 0.229247 0.794732 0.000000 0.000000 0.000000 1.000000
0.443707 0.948208 0.512189 0.000000 0.000000 0.000000 1.000000
0.568323 0.439659 0.509304 0.000000 0.000000 0.000000 1.000000
0.999597 0.564686 0.865003 0.000000 0.000000 0.000000 1.000000
0.001788 0.025887 0.036217 0.000000 0.000000 0.000000 1.000000
0.642598 0.561360 0.034296 0.000000 0.000000 0.000000 1.000000
0.556408 0.421791 0.174238 0.000000 0.000000 0.000000 1.000000
0.272163 0.875149 0.717196 0.000000 0.000000 0.000000 1.000000
0.693885 0.222431 0.440500 0.000000 0.000000 0.000000 1.000000
0.601245 0.752414 0.484651 0.000000 0.000000 0.000000 1.000000
0.045785 0.030417 0.557354 0.000000 0.000000 0.000000 1.000000
0.039881 0.850031 0.571109 0.000000 0.000000 0.000000 1.000000
0.111940 0.038148 0.609667 0.000000 0.000000 0.000000 1.000000
0.614463 0.424609 0.154947 0.000000 0.000000 0.000000 1.000000
0.357817 0.125864 0.749304 0.000000 0.000000 0.000000 1.000000
0.080500 0.622683 0.060136 0.000000 0.000000 0.000000 1.000000
0.305227 0.650915 0.548263 0.000000 0.000000 0.000000 1.000000
0.947372 0.701325 0.667035 0.000000 0.000000 0.000000 1.000000
0.552824 0.005392 0.906242 0.000000 0.000000 0.000000 1.000000
0.382887 0.758569 0.161397 0.000000 0.000000 0.000000 1.000000
0.996870 0.281186 0.103920 0.000000 0.000000 0.000000 1.000000
0.619986 0.285922 0.191269 0.000000 0.000000 0.000000 1.000000
0.905972 0.647817 0.332510 0.000000 0.000000 0.000000 1.000000
0.124440 0.906781 0.436477 0.000000 0.000000 0.000000 1.000000
0.868528 0.349770 0.095492 0.000000 0.000000 0.000000 1.000000
0.273262 0.899156 0.041384 0.000000 0.000000 0.000000 1.000000
0.545648 0.221863 0.509502 0.000000 0.000000 0.000000 1.000000
0.218244 0.103871 0.000703 0.000000 0.000000 0.000000 1.000000
0.914160 0.368043 0.082728 0.000000 0.000000 0.000000 1.000000
0.653277 0.272191 0.618103 0.000000 0.000000 0.000000 1.000000
0.948650 0.577305 0.294732 0.000000 0.000000 0.000000 1.000000
0.706713 0.462610 0.167943 0.000000 0.000000 0.000000 1.000000
0.532953 0.207278 0.736525 0.000000 0.000000 0.000000 1.000000
0.587503 0.140136 0.003925 0.000000 0.000000 0.000000 1.000000
0.619760 0.781938 0.302666 0.000000 0.000000 0.000000 1.000000
0.836682 0.151489 0.393094 0.000000 0.000000 0.000000 1.000000
0.315529 0.113183 0.241090 0.000000 0.000000 0.000000 1.000000
0.531870 0.462251 0.733477 0.000000 0.000000 0.000000 1.000000
0.340945 0.223059 0.045704 0.000000 0.000000 0.000000 1.000000
0.986243 0.837785 0.972902 0.000000 0.000000 0.000000 1.000000
0.047757 0.949697 0.860048 0.000000 0.000000 0.000000 1.000000
0.995292 0.749335 0.322938 0.000000 0.000000 0.000000 1.000000
0.497072 0.758034 0.252801 0.000000 0.000000 0.000000 1.000000
0.695573 0.404425 0.522953 0.000000 0.000000 0.000000 1.000000
0.482472 0.302015 0.151802 0.000000 0.000000 0.000000 1.000000
0.439708 0.774839 0.596729 0.000000 0.000000 0.000000 1.000000
0.271077 0.226851 0.983302 0.000000 0.000000 0.000000 1.000000
0.094761 0.771619 0.461830 0.000000 0.000000 0.000000 1.000000
0.912453 0.595128 0.774898 0.000000 0.000000 0.000000 1.000000
0.756850 0.106550 0.842433 0.000000 0.000000 0.000000 1.000000
0.731713 0.817053 0.245104 0.000000 0.000000 0.000000 1.000000
0.953203 0.382524 0.266188 0.000000 0.000000 0.000000 1.000000
0.812647 0.529349 0.603154 0.000000 0.000000 0.000000 1.000000
0.725310 0.872348 0.272779 0.000000 0.000000 0.000000 1.000000
0.072924 0.922622 0.440398 0.000000 0.000000 0.000000 1.000000
0.163364 0.459401 0.028316 0.000000 0.000000 0.000000 1.000000
0.707334 0.249689 0.281419 0.000000 0.000000 0.000000 1.000000
0.990032 0.704113 0.223258 0.000000 0.000000 0.000000 1.000000
0.770185 0.036627 0.536113 0.000000 0.000000 0.000000 1.000000
0.474275 0.195635 0.470672 0.000000 0.000000 0.000000 1.000000
